Column,Column2
Chirurgien vasculaire,Chirurgie cardiovasculaire et thoracique
Radiologue Interventionnel,Radiologie
Chirurgien Vasculaire,Chirurgie cardiovasculaire et thoracique
Chirurgien Cardiaque,Chirurgie cardiovasculaire et thoracique
Radiologue Interventionel,Radiologie
Interne DES chirurgie Vasc.,Chirurgie cardiovasculaire et thoracique
Infirmère Bloc Opératoire,Bloc opératoire
Gastroentérologue,Gastro-entérologie
Praticien hygiéniste,Hygiène
Service Radiologie,Radiologie
Chirurgien Cardio-vasculaire,Chirurgie cardiovasculaire et thoracique
Service endoscopie,Endoscopie
Service bloc,Bloc opératoire
Thoracique et cardiovasculaire,Chirurgie cardiovasculaire et thoracique
Service Bloc,Bloc opératoire
Service phamarcie,Pharmacologie
Cancers digestifs,Oncologie
infirmieres,Infirmier
Chef de bloc,Cadre
Endo pneumologie,Pneumologie
Endoscopie digestive,Endoscopie
Oto Rhino Laryngologie,Oto-rhino-laryngologie
surveillante sce endoscopie,Endoscopie
Cadre Sup service endoscopie,Endoscopie
Infirmière endosocpie,Endoscopie
Cardiologue interventionnel,Cardiologie
Chirurgien Cardio Vasculaire,Chirurgie cardiovasculaire et thoracique
biomédical,Biologie médicale
Infirmière,Infirmier
Médecin interne,Médecine interne
Dermatologie,Dermatologie
pharmacovigilance,Pharmacologie
CARDIOLOGIE,Cardiologie
PHLEBOLOGIE - ANGEIOLOGIE,Médecine vasculaire
PSYCHIATRIE,Psychiatrie
RHUMATOLOGIE,Rhumatologie
MEDECINE INTERNE,Médecine interne
PEDIATRIE,Pédiatrie
PNEUMOLOGIE,Pneumologie
NEUROLOGIE,Neurologie
MEDECINE GENERALE,Médecine générale
GYNECOLOGIE,Gynécologie
ANESTHESIOLOGIE,Anesthésie réanimation
CHIRURGIE VASCULAIRE,Chirurgie cardiovasculaire et thoracique
DERMATOLOGIE,Dermatologie
MEDECINE VASCULAIRE,Cardiologie
HEMATOLOGIE,Hématologie
NEPHROLOGIE,Néphrologie
RADIOLOGIE,Radiologie
PNEUMOLOGIE - PHTISIOLOGIE,Pneumologie
CHIRURGIE CARDIAQUE,Chirurgie cardiovasculaire et thoracique
GASTRO-ENTEROLOGIE,Gastro-entérologie
PEDO-PSYCHIATRIE,Pédo-psychiatrie
CHIRURGIE THORACIQUE,Chirurgie cardiovasculaire et thoracique
ANATOMOPATHOLOGIE,Anatomo-pathologie
IMAGERIE MEDICALE,Radiologie
URGENCES,Médecine d'urgence
DERMATOLOGIE VENEROLOGIE,Dermatologie
EXPLORATION FONCTIONNELLE DES VOIES RESPIRATOIRES,Exploration fonctionnelle
CHIRURGIEN,Chirurgie
URGENTISTE,Médecine d'urgence
PEDIATRE,Pédiatrie
GENERALISTE,Médecine générale
ORL,Oto-rhino-laryngologie
BIOLOGIE MEDICALE,Biologie médicale
MEDECIN,Médecine générale
MEDECIN URGENTISTE,Médecine d'urgence
CHIRURGIE ORTHOPEDIQUE ET TRAUMATOLOGIQUE,Chirurgie orthopédique et traumatologique
CHIRURGIE PLASTIQUE RECONSTRUCTRICE ET ESTHETIQUE,Chirurgie plastique reconstructrice et esthétique
DOCTEUR EN MEDECINE,Médecine générale
CARDIOLOGIE ET MALADIES VASCULAIRES,Cardiologie
PATHOLOGIE CARDIO-VASCULAIRE,Cardiologie
ANESTHESIE-REANIMATION,Anesthésie réanimation
MEDECINE GENEREALE,Médecine générale
HEPATO GASTRO ENTEROLOGUE,Gastro-entérologie
GASTRO ENTEROLOGUE,Gastro-entérologie
PNEUMOLOGUE,Pneumologie
GYNECOLOGUE,Gynécologie
RHUMATOLOGUE,Rhumatologie
GERIATRE,Gérontologie
OPHTALMOLOGISTE,Ophtalmologie
Gynécologie,Gynécologie
Urologie,Urologie
Oncologie carcinologie cancerologie,Oncologie
Néphrologie,Néphrologie
Nephrologie,Néphrologie
Anatomopathologie,Anatomo-pathologie
Radiotherapie,Radiothérapie
Chirurgie Orthopedique et Traumatologique,Chirurgie orthopédique et traumatologique
Onco carc cancér,Oncologie
Gynecologie,Gynécologie
Hématologie,Hématologie
Oncologie,Oncologie
Gastro entero,Gastro-entérologie
Gastro enterologie,Gastro-entérologie
Biologie,Biologie médicale
Pneumologie,Pneumologie
Hematologie,Hématologie
radiothérapie,Radiothérapie
Médecine Nucléaire,Radiologie médicale
néphrologie,Néphrologie
Médecine Génerale,Médecine générale
Medecine interne,Médecine interne
pneumologie,Pneumologie
Oto rhino laryngologie,Oto-rhino-laryngologie
Cardio-Renal,Cardiologie
Geriatrie gerontologie,Gérontologie
Médecine Interne,Médecine interne
Med générale,Médecine générale
onco carc cancér,Oncologie
Radiologie,Radiologie
Cardiologie,Cardiologie
Gastroentérologie,Gastro-entérologie
Chirurgie oncologique,Oncologie
Chirurgie digestive,Chirurgie viscérale et digestive
Chirurgie thoracique,Chirurgie cardiovasculaire et thoracique
Chirurgie gynecologique,Gynécologie
Psychiatre,Psychiatrie
Méd générale,Médecine générale
Pediatrie,Pédiatrie
gériatrie geront,Gérontologie
Manipulateur radio,Radiologie
Chirurgie vasculaire,Chirurgie cardiovasculaire et thoracique
Médecine Générale,Médecine générale
Rhumatologie,Rhumatologie
Chirurgie generale,Chirurgie
Chirurgie Viscérale et Digestive,Chirurgie viscérale et digestive
Nutrition,Nutrition
Radiothérapie,Radiothérapie
Chirurgie viscerale,Chirurgie viscérale et digestive
ONCOLOGIE OPTION RADIOTHERAPIE,Oncologie
Med interne,Médecine interne
Anatomie et Cythologie,Anatomo-pathologie
ONCOLOGIE OPTION MEDICALE,Oncologie
Néphrologue,Néphrologie
Kinesitherapie,Kinésitherapie
cardiologie,Cardiologie
Hematology/Oncology,Oncologie
médecine générale,Médecine générale
Inflammation,Inflammation
Medecine du travail,Médecine du travail
Neurologie,Neurologie
Endocrinologue,Endocrinologie
Endocrinologie,Endocrinologie
pédiatrie,Pédiatrie
Physiologie,Physiologie
Dietetique,Diététique
Oncology,Oncologie
Imagerie Medicale,Radiologie
Radio Diagnostic,Radiologie
Urgences,Médecine d'urgence
Immunologie,Immunologie
Reanimation,Anesthésie réanimation
hématologie,Hématologie
biologie,Biologie médicale
ONCOLOGIE,Oncologie
Traitement de la douleur,Traitement de la douleur
HEMATOLOGIE OPTION ONCO HEMATOLOGIE,Hématologie
Onco radiothérapie,Oncologie
Bacteriologie,Bactériologie
UROLOGIE,Urologie
oncologie - hématologie,Oncologie
Anesthesiologie,Anesthésie réanimation
Pathologie Cardio Vasculaire,Cardiologie
Médecine interne,Médecine interne
Psychologie,Psychologie
Gériatrie geront,Gérontologie
Médecine Intene,Médecine interne
gastro entero,Gastro-entérologie
Hygiene hospitaliere,Hygiène
Genetique,Génétique
ANAPATH,Anapathologie
Maladies infectieuses,Médecine infectieuse et tropicale
Orthopedie,Orthopédie
Chirurgie plastique reconstructrice et esthetique,Chirurgie plastique reconstructrice et esthétique
Génétique,Génétique
Gastro-enterologie,Gastro-entérologie
gynécologie,Gynécologie
HEMATOLOGIE OPTION MALADIES DU SANG,Hématologie
Neurochirurgie,Neurologie
GASTRO-ENTEROLOGIE ET HEPATOLOGIE,Gastro-entérologie
med interne,Médecine interne
Radiophysicien,Radiologie
Radiodiagnoctic et imagerie médicale,Radiologie
Anesthésie,Anesthésie réanimation
Psychiatrie,Psychiatrie
Chirurgie Maxillo Faciale,Chirurgie maxillo-faciale
oncologie,Oncologie
Pedicure Podologie,Podologie
Angiographie numerisee,Médecine vasculaire
Laboratoire d analyses medicales,Biologie médicale
Chirurgie Orthopédique et traumatologique,Chirurgie orthopédique et traumatologique
Hépato-Gastroentérologie,Gastro-entérologie
Chirurgie neurologique,Neurologie
Oncologie Médicale,Oncologie
Cancérologie,Oncologie
Gastro entero/Oncologie,Oncologie
nephrologue,Néphrologie
NEPHROLOGUE,Néphrologie
Interne,Interne
Gastro Entérologie Et Hépatologie,Gastro-entérologie
Gastro Enterologie,Gastro-entérologie
psychiatre,Psychiatrie
Méd interne,Médecine interne
Pharm Hospital,Pharmacologie
Chirurgie Digestive,Chirurgie viscérale et digestive
Onco-carc-cancér,Oncologie
Chirurgie Orhopédique,Chirurgie orthopédique et traumatologique
rhumatologie,Rhumatologie
Paléontologie,Paléontologie
RADIO-DIAGNOSTIC,Radiologie
Médecine Sociale,Santé publique et médecine sociale
Pédiatrie,Pédiatrie
Chirurgie,Chirurgie
Oncologie & Radiothérapie,Oncologie
Gériatrie,Gérontologie
Oncologie Radiothérapie,Oncologie
oncologue,Oncologie
Oncobiologie Moléculaire,Oncologie
Chir générale,Chirurgie
Cancérologie Radiothérapie,Oncologie
ophtalmologie,Ophtalmologie
Gastro Entérologie,Gastro-entérologie
Gériatrie Gérontologie,Gérontologie
Médecine Militaire,Médecine militaire
Hématologue,Hématologie
Gynécologie Obstétrique,Gynécologie
Réanimation,Anesthésie réanimation
Pneumologie Et Oncologie Thoracique,Oncologie
onco carc cancer,Oncologie
interne,Interne
med générale,Médecine générale
OPHTALMOLOGIE,Ophtalmologie
Ophtalmologie,Ophtalmologie
ANESTHESIE,Anesthésie réanimation
CARDIOLOGUE,Cardiologie
Anatomo-pathologie,Anatomo-pathologie
Anesthesie-Reanimation,Anesthésie réanimation
Assistant Medecin,Interne
Biomedicale,Biologie médicale
Cadre de Santé,Cadre
Chir. Digestive,Chirurgie viscérale et digestive
Chir. Générale,Chirurgie
Chir. Neurologique,Neurologie
Chir. Oncologique,Oncologie
Chir. Thoracique,Chirurgie cardiovasculaire et thoracique
Chir. Urologique,Urologie
Chir. Viscerale,Chirurgie viscérale et digestive
Directeur Etablissement,Direction
Gériatrie - Gérontologie,Gérontologie
Manipulateur Radio,Radiologie
Méd. Générale,Médecine générale
Méd. Nucléaire,Radiologie médicale
Orthodontie,Orthodontie
Othophonie,Orthophonie
Oto-rhino-laryngologie,Oto-rhino-laryngologie
Pneumologie - Phtisiologie,Pneumologie
Psychologue,Psychologie
Radio Thérapie,Radiothérapie
Rééducation Fonctionnelle,Rééducation fonctionnelle
Santé Publique Et Médecine Sociale,Santé publique et médecine sociale
Soins Palliatifs,Soins palliatifs
Surveillant,Surveillant
Technicien D'etude Clinique,Recherche médicale
Traitement De La Douleur,Traitement de la douleur
ONCOLOGIE HEMATOLOGIE THERAPIE CELLULAIRE,Oncologie
HEMATOLOGUE,Hématologie
CHIRURGIE ORTHOPEDIQUE ET TRAUMATOLOGIE,Chirurgie orthopédique et traumatologique
CHIRURGIE GENERALE,Chirurgie
CHIRURGIE THORACIQUE ET CARDIO-VASCULAIRE,Chirurgie cardiovasculaire et thoracique
MEDECINE GENERALE NON QUALIFIEE,Médecine générale
Médecin,Médecine générale
NC,
médecin,Médecine générale
Santé Publique et Médecine Soc,Santé publique et médecine sociale
Gériatrie gérontologie,Gérontologie
Hygiène Hospitalière,Hygiène
PHLEBOLOGUE,Phlébologie
OSTEOPATHIE,Ostéopathie
generaliste,Médecine générale
Neuroradiologue Interventionnel,Radiologie
Radiologie Vasculaire,Radiologie
Chirurgie Vasculaire,Chirurgie cardiovasculaire et thoracique
Cardiologie pédiatrique,Cardiologie
chirurgie vasculaire,Chirurgie cardiovasculaire et thoracique
Chirurgie Vasculaire et Thoracique,Chirurgie cardiovasculaire et thoracique
Radiologie Médicale,Radiologie
ChirurgieN Vasculaire,Chirurgie cardiovasculaire et thoracique
Chirurgie Vasculalre,Chirurgie cardiovasculaire et thoracique
Gynécologie obstetrique,Gynécologie
urologie,Urologie
chirurgien général,Chirurgie
Chirurgie Viscérale,Chirurgie viscérale et digestive
Chirurgie Générale,Chirurgie
Chirurgie urologique,Urologie
Oncologie option radiotherapie,Oncologie
Chirurgie générale,Chirurgie
Chir.visc & Dig,Chirurgie viscérale et digestive
Anesthésie-réanimation,Anesthésie réanimation
Anesthésie réanimation,Anesthésie réanimation
Généraliste,Médecine générale
Anapathologiste,Anapathologie
Radiologue,Radiologie
radiologie,Radiologie
Chirurgie Gén.& Vasc,Médecine vasculaire
Rythmologie,Rythmologie
Chirurgie viscérale et digestive,Chirurgie viscérale et digestive
Anesthésie Réanimation,Anesthésie réanimation
Radiodiagnostic et Imagerie Médicale,Radiologie
Radio-Diagnostic,Radiologie
Médecine générale,Médecine générale
Chirurgie thoracique et cardio-vasculaire,Chirurgie cardiovasculaire et thoracique
Viscérale,Chirurgie viscérale et digestive
Génécologie,Gynécologie
Anesthésite réanimation,Anesthésie réanimation
Digestive,Médecine digestive
Chir Vasc,Chirurgie cardiovasculaire et thoracique
Chir Visc. Et Digestive,Chirurgie viscérale et digestive
Chirurgie Gynécologique,Gynécologie
Anapathologie,Anapathologie
Cardio vasculaire,Chirurgie cardiovasculaire et thoracique
Cardiologue,Cardiologie
Médecine générale non qualifiée,Médecine générale
Anesthésie-Réanimation,Anesthésie réanimation
Chirurgie Urologique,Urologie
Chirurgie Vasculaire Thoracique,Chirurgie cardiovasculaire et thoracique
Radio Vasc,Radiologie
Chirurgie Cardio Vasculaire,Chirurgie cardiovasculaire et thoracique
chirurgie,Chirurgie
Angiologie,Médecine vasculaire
Vasculaire,Cardiologie
Thoracique et cardio-vasc,Chirurgie cardiovasculaire et thoracique
Chirurgie Cardio Vascualire,Chirurgie cardiovasculaire et thoracique
chir vasc,Chirurgie cardiovasculaire et thoracique
Chirurgie Cardiaque,Chirurgie cardiovasculaire et thoracique
Angiologue,Médecine vasculaire
Chirurgie Vascualire,Chirurgie cardiovasculaire et thoracique
Vasculaire Thoracique,Chirurgie cardiovasculaire et thoracique
Chirurgie Thoracique,Chirurgie cardiovasculaire et thoracique
Diabétologie,Diabétologie
Chrirugien Vasculaire,Chirurgie cardiovasculaire et thoracique
chirurgien Vasculaire,Chirurgie cardiovasculaire et thoracique
radiologue,Radiologie
Chirurgien cardio-vasculaire,Chirurgie cardiovasculaire et thoracique
Radiologie interventionnelle,Radiologie
Radio interventionnelle,Radiologie
chirurgien vasculaire,Chirurgie cardiovasculaire et thoracique
Radiologie Interventionnelle,Radiologie
Imagerie MÃ©dicale Interventionnelle,Radiologie
Chirurgien Vasculaire et thoracique,Chirurgie cardiovasculaire et thoracique
Chirurgien,Chirurgie
MÃ©decin,Médecine générale
MÃ©decin Vasculaire,Cardiologie
Echographiste,Échographie
Radio,Radiologie
vasculaire,Cardiologie
VASC,Médecine vasculaire
Chirugien,Chirurgie
Chir Cardio Vasc,Chirurgie cardiovasculaire et thoracique
AngÃ©iologie,Médecine vasculaire
Chef Clinique,Cadre
NÃ©phrologie,Néphrologie
Cardio,Cardiologie
Chir thoracique,Chirurgie cardiovasculaire et thoracique
Radio Cardio,Radiologie
Vasc. Thoracique,Chirurgie cardiovasculaire et thoracique
VASC ET THORACIQUE,Chirurgie cardiovasculaire et thoracique
Radiologie Vasc,Radiologie
Chir cardiaque,Chirurgie cardiovasculaire et thoracique
MÃ©decine GÃ©nÃ©rale,Médecine générale
angiologue,Médecine vasculaire
RÃ©animateur,Anesthésie réanimation
Radio Interv.,Radiologie
Cardiaque,Chirurgie cardiovasculaire et thoracique
MÃ©decin Vasc,Médecine vasculaire
Cardio Interventionnel,Chirurgie cardiovasculaire et thoracique
chirurgien,Chirurgie
NÃ©phrologue,Néphrologie
Chir Cardiaque,Chirurgie cardiovasculaire et thoracique
Cardio vasc,Cardiologie
Radiologue interventionnel,Radiologie
Vasc Thoracique,Chirurgie cardiovasculaire et thoracique
AnesthÃ©sie,Anesthésie réanimation
BIOLOGIE,Biologie médicale
Angio,Médecine vasculaire
Vasc,Médecine vasculaire
MÃ©decine gÃ©nÃ©rale,Médecine générale
Vasc et Thoracique,Chirurgie cardiovasculaire et thoracique
chir vasculaire,Chirurgie cardiovasculaire et thoracique
Vascularie,Cardiologie
RÃ©animaton,Anesthésie réanimation
gÃ©nÃ©raliste,Médecine générale
Medecin Vasculaire,Cardiologie
Cardiaque et Vasc,Chirurgie cardiovasculaire et thoracique
CARD ET VASCCHU TOURS,Chirurgie cardiovasculaire et thoracique
VASC ET THORACIQUEPOLY,Chirurgie cardiovasculaire et thoracique
Radiologie Interventionnel,Radiologie
Chir vasc,Chirurgie cardiovasculaire et thoracique
AnesthÃ©sie-rÃ©animation,Anesthésie réanimation
VASC ET THORaciqueCHU BREST,Chirurgie cardiovasculaire et thoracique
Chirurgie viscÃ©rale et digestive,Chirurgie viscérale et digestive
Chirurgie gÃ©nÃ©rale,Chirurgie
AnesthÃ©sie-RÃ©animation,Anesthésie réanimation
Radio-diagnostic,Radiologie
Radiodiagnostic et Imagerie MÃ©dicale,Radiologie
Chirurgie Thoracique et Cardio-Vasculaire,Chirurgie cardiovasculaire et thoracique
Chirurgie infantile,Chirurgie infantile
Chirurgie plastique reconstructive,Chirurgie plastique reconstructrice et esthétique
MÃ©decine gÃ©nÃ©rale non qualifiÃ©e,Médecine générale
Chirurgie orthopÃ©dique et traumatologie,Chirurgie orthopédique et traumatologique
Medecin du Travail,Médecine du travail
Gastro-entÃ©rologie et hÃ©patologie,Gastro-entérologie
Endocrinologie diabÃ¨teâ¦,Endocrinologie
MÃ©decine physique et rÃ©adaptation fonctionnelle,Médecine physique et de réadaptation
Otho-rhino-laryngologie,Oto-rhino-laryngologie
GynÃ©cologie,Gynécologie
Chirurgie Thoraciq. & Cardio Vasc.,Chirurgie cardiovasculaire et thoracique
Chir.GÃ©nÃ©ral,Chirurgie
Chir.ViscÃ©rale,Chirurgie viscérale et digestive
Chir.visc & GÃ©n.,Chirurgie viscérale et digestive
OncogÃ©n. MÃ©d.GÃ©n.,Oncologie
GynÃ©co.ObstÃ©triq.,Gynécologie
GÃ©nÃ©tique MÃ©d.,Génétique
Anato Cytologie,Anatomo-pathologie
GynÃ©co.MÃ©dicale,Gynécologie
MÃ©decine GÃ©n.,Médecine générale
AnesthÃ©sie rÃ©animation,Anesthésie réanimation
Anatomie cytologie patholo.,Anatomo-pathologie
HÃ©matologue,Hématologie
Chirurgie Visc. & Dig.,Chirurgie viscérale et digestive
Chir GynÃ©co,Gynécologie
PÃ©diatrie,Pédiatrie
MÃ©decin interniste,Médecine interne
Gastro-entÃ©rologue,Gastro-entérologie
Chirurgie GÃ©nÃ©rale,Chirurgie
Chirurgie Thoraciq.& Vasc.,Chirurgie cardiovasculaire et thoracique
Oncologie option radiothÃ©rapie,Oncologie
chirurgie urologie / CancÃ©rologue,Urologie
RadiothÃ©rapie,Radiothérapie
GynÃ©cologie ObstÃ©trique,Gynécologie
GynÃ©cologie obstÃ©trique,Gynécologie
chirurgie urologique,Urologie
GÃ©nÃ©raliste,Médecine générale
StomathÃ©rapeute,Stomatologie
gynÃ©cologie ObstÃ©trique,Gynécologie
ViscÃ©rale,Chirurgie viscérale et digestive
Chef AnesthÃ©sie,Anesthésie réanimation
RÃ©animation,Anesthésie réanimation
Rythmologue,Rythmologie
Coronarographiste,Coronarographie
Electrophysiologie,Electrophysiologie
MG,Médecine générale
GY,Gynécologie
MI,Médecine interne
BIOLOGISTE,Biologie médicale
CHIR.ORTHO.,Chirurgie orthopédique et traumatologique
GÉNÉTICIENNE,Génétique
HÉMATO,Hématologie
HÉMATOLOGUE,Hématologie
HÉMATO-ONCO,Hématologie
INFECTIOLOGUE,Médecine infectieuse et tropicale
MÉDECIN,Médecine générale
MÉDECINE,Médecine générale
MÉDECINE GÉNÉRALE,Médecine générale
MÉDECINE INTERNE,Médecine interne
MÉDECINE PHYSIQUE ET RÉADAPTATION,Médecine physique et de réadaptation
MEDECINE PHYSIQUE ET READAPTATION,Médecine physique et de réadaptation
NEUROLOGUE,Neurologie
ONCOLOGUE,Oncologie
ONCOPÉDIATRE,Oncologie
ONCO-PÉDIATRE,Oncologie
OPHTALMO,Ophtalmologie
PÉDIATRE,Pédiatrie
PÉDIATRE/HÉMOPHILE,Pédiatrie
PRATICIEN HOSPTIALIER,Praticien hospitalier
PSYCHIATRE,Psychiatrie
RÉ-ÉDUCATEUR,Rééducation fonctionnelle
UROLOGUE,Urologie
-,
ANGEIOLOGIE,Médecine vasculaire
ECHOGRAPHIE GÉNÉRALE,Echographie
MEDECINE APPLIQUEE AUX SPORTS,Médecine du sport
REANIMATION MEDICALE,Anesthésie réanimation
ECHOCARDIOGRAPHIE,Echocardiographie
GYNÉCOLOGUE,Gynécologie
GYNÉCOLOGIE,Gynécologie
MÉD DU SPORT,Médecine du sport
ENDOCRINOLOGIE DIABÈTE MALADIES MÉTABOLIQUES,Endocrinologie
GYNÉCOOGUE OBSTÉTRICIEN,Gynécologie
GYNÉCO MÉD. ET OBS,Gynécologie
GYNÉCO OBSTÉTRIQUE,Gynécologie
GYNÉCOLOGUE MÉD.,Gynécologie
GYNÉCOLOGIE OBSTÉTRIQUE,Gynécologie
GYNÉCOLOGUE MÉD. & OBS.,Gynécologie
MÉDECIN GÉNÉRALISTE,Médecine générale
GYNÉCOLOGUE OBSTÉTRICIEN,Gynécologie
MG SEXO,Sexologie
SEXOLOGUE MG,Sexologie
MG SEXOLOGUE,Sexologie
SEXO / PSYCHIATRE,Sexologie
GYNÉCOLOGUE MÉDICALE,Gynécologie
GYNÉCOLOGUE SEXOLOGUE,Gynécologie
GYNÉCO MÉD. & OBS.,Gynécologie
MÉDECIN GÉNÉRALISTE SEXO,Médecine générale
GYNÉCO MÉD.OBS. ANDROLOGUE PSYCHOSOMATIQUE,Gynécologie
GYNECOLOGUE SEXO,Gynécologie
PSYCHIATRE SEXO,Sexologie
GYNÉCOLOGIE MÉDICALE,Gynécologie
Docteur,Docteur
Professeur,Professeur
DOCTEUR,Docteur
CHRIRURGIEN VASCULAIRE,Chirurgie cardiovasculaire et thoracique
NEUROCHIRURGIEN,Neurologie
CHIRURGIEN ORTHOPEDISTE,Chirurgie orthopédique et traumatologique
MEDECIN VASCULAIRE,Cardiologie
ORTHOPEDIE,Orthopédie
CHIRURGIEN VASCULAIRE,Chirurgie cardiovasculaire et thoracique
RADIOLOGUE,Radiologie
GERIATRIE,Gérontologie
ANESTHESISTE,Anesthésie réanimation
GASTRO-ENTEROLOGUE,Gastro-entérologie
ANESTHESISTE-REANIMATEUR,Anesthésie réanimation
CHIRURGIEN DIGESTIF,Chirurgie viscérale et digestive
ENDOCRINOLOGUE,Endocrinologie
SURVEILLANTE DE BLOC OPERATOIRE,Bloc opératoire
CHIRURGIE DISGESTIVE,Chirurgie viscérale et digestive
MEDECIN ANESTHESITE,Anesthésie réanimation
MEDECIN GENERALISTE,Médecine générale
CHRIRURGIEN NEUROLOGUE,Neurologie
ORTHOPEDISTE,Orthopédie
RADIOLOGUE - CARDIOLOGUE,Radiologie
ANESTHESISTE REANIMATEUR,Anesthésie réanimation
ANESTHESIE REANIMATION,Anesthésie réanimation
ASSISTANT CHEF DE CLINIQUE,Cadre
CHIRURGIE ORTHOPEDIE ET TRAUMATOLOGIQUE,Chirurgie orthopédique et traumatologique
CHRIRURGIEN DIGESTIF,Chirurgie viscérale et digestive
CHIRURGIE VISCERALE,Chirurgie viscérale et digestive
RADIOLOGUE VASCULAIRE,Radiologie
CHIRURGIE DIGESTIVE,Chirurgie viscérale et digestive
CHIRURGIEN NEUROLOGUE,Neurologie
MEDECIN DE REEDUCATION FONCTIONNELLE,Rééducation fonctionnelle
REANIMATEUR,Anesthésie réanimation
CHIRURGIEN CARDIAQUE,Chirurgie cardiovasculaire et thoracique
CHIRURGIEN-GYNECOLOGUE,Gynécologie
CHIRURGIEN UROLOGUE,Urologie
ANETHESIE REANIMATION,Anesthésie réanimation
ANGIOLOGUE,Médecine vasculaire
ASSISTANT CHEF DE CLINIQUE CHIRURGIE VASCULAIRE,Chirurgie cardiovasculaire et thoracique
CHIRURGIE NEUROLOGIQUE,Neurologie
CHIRURGIE GENERALE ET VASCULAIRE,Chirurgie cardiovasculaire et thoracique
CHEF DE CLINIQUE REANIMATION,Anesthésie réanimation
NUTRITIONNISTE,Nutrition
CHIRURGIEN URLOGUE,Urologie
CHIRURGIE ORTHOPEDIE,Chirurgie orthopédique et traumatologique
CHIRURGIE,Chirurgie
HEPATO-GASTROENTEROLOGIE,Gastro-entérologie
IMMUNOLOGIE,Immunologie
ENDOCRINOLOGIE,Endocrinologie
MED INTERNE,Médecine interne
MED GENERALE,Médecine générale
MED DU TRAVAIL,Médecine du travail
ANATOMOPATHOLOG,Anatomo-pathologie
INTERNE,Interne
PRATICIEN HOSP,
DIABETOLOGIE,Diabétologie
Spécialiste du sommeil,Médecine du sommeil
Neuropédiatre,Neurologie
Neuro Psychiatre,Neurologie
Neurologue,Neurologie
Rhumatologue,Rhumatologie
Ostéopathie,Ostéopathie
Pédiatre,Pédiatrie
Hépato-Gastro-Entérologie,Gastro-entérologie
Pro-pharmacie,Pharmacologie
Anesthésiologie,Anesthésie réanimation
Gériatrie - gérontologie,Gérontologie
Hépato-gastroentérologie,Gastro-entérologie
Biologiste,Biologie médicale
Spécialiste de l'appareil digestif,Gastro-entérologie
Médecine physique-vertebroth.-osthéopathie,Ostéopathie
Microbiote intestinale,Gastro-entérologie
Gastro-Entérologie,Gastro-entérologie
Hépato-Gastro-Entérologie et Nutrition Pédiatrique,Gastro-entérologie
Médecin généraliste,Médecine générale
Allergologue,Allergologie
Infectiologie,Médecine infectieuse et tropicale
Rééducation fonctionnelle,Rééducation fonctionnelle
Chir orth trauma,Chirurgie orthopédique et traumatologique
Proctologue,Proctologie
Maladies de l'appareil digestif,Gastro-entérologie
MEDECINE PHYSIQUE ET DE READAPTATION,Médecine physique et de réadaptation
NEUROCHIRURGIE,Neurologie
GASTROENTEROLOGIE,Gastro-entérologie
RADIO-DIAGNOSTIC ET IMAGERIE MEDICALE,Radiologie
GERIATRIE/GERONTOLOGIE,Gérontologie
OTO-RHINO-LARYNGOLOGIE,Oto-rhino-laryngologie
ONCOLOGIE MEDICALE,Oncologie
GYNECOLOGIE-OBSTETRIQUE,Gynécologie
MEDECINE DU TRAVAIL,Médecine du travail
ANATOMIE ET CYTOLOGIE PATHOLOGIQUES HUMAINES,Anatomo-pathologie
REHABILITATION MEDECINE,Médecine physique et de réadaptation
CHIROPRACTICS,Chiropractics
NEUROPSYCHOLOGIE,Neurologie
URGENCE,Médecine d'urgence
AUTRE,Autre
Bloc opératoire,Bloc opératoire
Dr,Docteur
medecin,Médecine générale
ph,Praticien hospitalier
INFIRMIERE,Infirmier
CHIRURGIEN ORTHOPEDIQUE,Chirurgie orthopédique et traumatologique
DR,Docteur
pr,Professeur
IBODE,Bloc opératoire
SPORTSMED,Médecine du sport
PR,Professeur
PROFESSEUR,Professeur
IBODES,Bloc opératoire
infirmière surveillance,Infirmier
Mr/Pharmacien,Pharmacologie
Dr/Ortho,Orthopédie
Kinésithérapeute,Kinésitherapie
Dr/Sports,Médecine du sport
Rééducateur,Rééducation fonctionnelle
Aide opératoire,Bloc opératoire
ortthopedie,Orthopédie
Secretariat IRM,Radiogie
INFIRMIERE / ANESTHESISTE,Anesthésie réanimation
Infirmière surveillante,Infirmier
Surveillant de Bloc,Bloc opératoire
ortho,Orthopédie
ibode,Bloc opératoire
Médecin rééducateur,Médecine physique et de réadaptation
Médecin ré éducateur,Médecine physique et de réadaptation
Nurse,Infirmier
Head nurse,Cadre
Pr/Orthopédie,Orthopédie
Nurse/Radiology,Radiologie
Surveillante,Surveillant
Surveillante Générale,Cadre
orthopédiste,Orthopédie
Responsable des soins,Direction
Ibode,Bloc opératoire
MANIP.IRM,Radiologie
Docteur Radiologue,Radiologie
Orthopedic surgeon,Chirurgie orthopédique et traumatologique
CADRE IRM,Cadre
KinésIthérapeute,Kinésitherapie
CHEF DE CLINIQUE,Cadre
Mme/infirmière,Infirmier
Responsable des services,Direction
DR / ORTHOPEDIE,Orthopédie
orthopedie,Orthopédie
TRAUMATOLOGUE,Chirurgie orthopédique et traumatologique
INFIRMIER,Infirmier
PHARMACIEN,Pharmacologie
KINESITHERAPEUTE,Kinésitherapie
INRFIRMIE,Infirmier
ORTHO,Orthopédie
Surveillant Bloc,Bloc opératoire
Pharmacien,Pharmacologie
Directrice des soins,Cadre
Docteur - Chirugie orthopédique,Chirurgie orthopédique et traumatologique
Responsable de bloc,Bloc opératoire
Chirurgien Orthopédiste,Chirurgie orthopédique et traumatologique
Docteur Soins de Suite et de Réa,Anesthésie réanimation
Pharmacie,Pharmacologie
Ibod,Bloc opératoire
RESPONSABLE PMSI,Programme de médicalisation des systèmes d'information
INFIRMIRE RESPONSABLE DE SOINS,Infirmier
SURGEON,Chirurgie
Infirmière/Ortho,Orthopédie
Infirmière/Surveillante Bloc,Bloc opératoire
AIDE SOIGNANTE,Aide soignant
Cadre,Cadre
chef Bloc,Cadre
Directrice soins,Cadre
Orthopédiste,Orthopédie
Cadre DE SANTE,Cadre
CHIRURGIE ORTHOPEDIQUE,Chirurgie orthopédique et traumatologique
Chirurgien orthopédiste,Chirurgie orthopédique et traumatologique
Tabacologie&Aide au sevrage tabagique,Tabacologie
Angiographie,Médecine vasculaire
Coronarographie,Coronarographie
Cardiologie Interventionnelle,Cardiologie
SIMBB,Radiologie
Institut de cardiologie,Cardiologie
Soins intensifs cardiologiques,Cardiologie
Cardiologie 2 sud,Cardiologie
Centre cardiologique de l'ouest Lyonnais,Cardiologie
Cardiologie Hémodynamique,Cardiologie
Imagerie Médicale,Radiologie
Hemodynamique-Cardiologie interventionnelle,Cardiologie
Radiologie Cardio-vasculaire et interventionnelle,Radiologie
Departement de Cardiologie,Cardiologie
Imagerie Vasculaire,Radiologie
Explorations Fonctionnelles,Exploration fonctionnelle
sce d'explorations fonctionnelles cardio-vasculaires invasives,Cardiologie
Hémodynamique,Cardiologie
Cardiologie Vasculaire,Cardiologie
MEDECIN PHYSIQUE ET REED,Médecine physique et de réadaptation
Non défini,
Médecine sportive,Médecine du sport
Oncologie carcinologie cancérologie,Oncologie
Echo cardiographie,Echocardiographie
Médecine Esthétique,Chirurgie plastique reconstructrice et esthétique
Homéopathie,Homéopathie
Tabacologie,Tabacologie
Electro encéphalographie,Electro encéphalographie
Allergologie,Allergologie
Alcoologie,Alcoologie
Chirurgie Orthopédique et Traumatologique,Chirurgie orthopédique et traumatologique
Mesothérapie,Chirurgie plastique reconstructrice et esthétique
Phlébologie angeiologie,Médecine vasculaire
Chirurgie viscérale,Chirurgie viscérale et digestive
Chirurgie de la Face et du Cou,Chirurgie maxillo-faciale
Traitement du SIDA,Traitement du sida
Obstétrique,Obstétrie
Sexologie,Sexologie
Veille sommeil,Médecine du sommeil
Exploration fonctionnelle des voies respiratoires,Exploration fonctionnelle
Médecine thermale,Médecine thermale
Diététique,Diététique
Acupuncture,Acupuncture
Phytothérapie,Phytothérapie
Médecine du travail,Médecine du travail
Exploration fonctionnelle du système nerveux,Exploration fonctionnelle
Toxicomanie,Toxicologie
Santé Publique et Médecine Sociale,Santé publique et médecine sociale
Echographie,Échographie
Electro cardiographie,Cardiologie
Médecine légale,Médecine légale
Endoscopie,Endoscopie
Chirurgie cardiaque,Chirurgie cardiovasculaire et thoracique
Addictologie,Addictologie
Médecine physique vertebroth osthéopathie,Ostéopathie
Ultra sonologie et échographie générale,Échographie
Pharmacologie,Pharmacologie
Expertise dégats corporels,Expertise dégats corporels
Maladies tropicales,Médecine infectieuse et tropicale
Hydrologie,Hydrologie
Chirurgie plastique reconstructrice et esthétique,Chirurgie plastique reconstructrice et esthétique
Médecine nucléaire,Radiologie médicale
Oligothérapie,Oligothérapie
Mycologie,Parasitologie et mycologie
Andrologie,Andrologie
Biochimie,Biologie médicale
Echotomographie doppler,Échographie
Exploration fonctionnelle sauf EM et EV,Exploration fonctionnelle
Hémodialyse,Hémodialyse
Médecine aéro spatiale,Médecine aérospatiale
Chirurgie de la main et du membre supérieur,Chirurgie de la main et du membre supérieur
Stérilite,Stérilité
Hygiène hospitalière,Hygiène
Attaché de recherche clinique,Recherche médicale
Puériculture,Puériculture
Vénérologie,Vénérologie
Pédo psychiatrie,Pédo-psychiatrie
Médecine scolaire,Médecine scolaire
Virologie,Virologie
Chirurgie maxillo faciale,Chirurgie maxillo-faciale
KINÉSITHÉRAPIE,Kinésitherapie
medecine générale,Médecine générale
Gynécologie-Obstétrique,Gynécologie
Biologie médicale,Biologie médicale
Gynécologie Médicale,Gynécologie
Urgentiste,Médecine d'urgence
PEDIATRIE NEOPEDIATRIE,Pédiatrie néopédriatrie
NEOPEDIATRIE,Pédiatrie néopédriatrie
Pédiatrie Néopédriatrie,Pédiatrie néopédriatrie
GYNECO OBSTETRIQUE,Gynécologie
Cardiologie et Maladies Vasculaires,Cardiologie
NEONATOLOGIE,Pédiatrie néopédriatrie
endocrinologie et métabolisme,Endocrinologie
MÃ©decine interne,Médecine interne
Chirurgie OrthopÃ©dique et Traumatologique,Chirurgie orthopédique et traumatologique
HÃ©matologie,Hématologie
AnesthÃ©siologie,Anesthésie réanimation
GÃ©riatrie gÃ©rontologie,Gérontologie
MÃ©decine du travail,Médecine du travail
Oncologie carcinologie cancÃ©rologie,Oncologie
SantÃ© Publique et MÃ©decine Sociale,Santé publique et médecine sociale
DiabÃ©tologie,Diabétologie
Chirurgie viscÃ©rale,Chirurgie viscérale et digestive
Stomatologie,Stomatologie
GÃ©nÃ©tique,Génétique
PÃ©do psychiatrie,Pédo-psychiatrie
PhlÃ©bologie angeiologie,Médecine vasculaire
MÃ©decin conseil,Médecine conseil
MÃ©decine physique vertebroth osthÃ©opathie,Ostéopathie
OrthoprothÃ©siste,Orthoprothésie
Imagerie MÃ©dicale,Radiologie
ChargÃ© de Recherche,Recherche médicale
AttachÃ© de recherche clinique,Recherche médicale
Autre,Autre
RÃ©Ã©ducation fonctionnelle,Rééducation fonctionnelle
Pharmacie(n) Hospitalier(e),Pharmacologie
BactÃ©riologie,Bactériologie
MÃ©decine sportive,Médecine du sport
HomÃ©opathie,Homéopathie
Expertise dÃ©gats corporels,Expertise dégats corporels
Parasitologie,Parasitologie et mycologie
MÃ©decine nuclÃ©aire,Radiologie médicale
Chirurgie plastique reconstructrice et esthÃ©tique,Chirurgie plastique reconstructrice et esthétique
Chirurgie de la main et du membre supÃ©rieur,Chirurgie de la main et du membre supérieur
Pro pharmacien,Pharmacologie
Prévention des infections,Médecine infectieuse et tropicale
Ophtalmologue,Ophtalmologie
SPECIALISTE,
PÉDIATRIE,Pédiatrie
ALLERGOLOGIE,Allergologie
GÉRIATRIE GÉRONTOLOGIE,Gérontologie
OTO RHINO LARYNGOLOGIE,Oto-rhino-laryngologie
GASTRO ENTEROLOGIE,Gastro-entérologie
RÉANIMATION,Anesthésie réanimation
CHIRURGIE MAXILLO FACIALE,Chirurgie maxillo-faciale
ONCOLOGIE CARCINOLOGIE CANCÉROLOGIE,Oncologie
RÉÉDUCATION FONCTIONNELLE,Rééducation fonctionnelle
ANESTHÉSIOLOGIE,Anesthésie réanimation
PRO PHARMACIEN,Pharmacologie
CHIRURGIE ORTHOPÉDIQUE ET TRAUMATOLOGIQUE,Chirurgie orthopédique et traumatologique
MÉDECINE SPORTIVE,Médecine du sport
PHARMACOLOGIE,Pharmacologie
PHLÉBOLOGIE ANGEIOLOGIE,Médecine vasculaire
DIVERS,
CHIRURGIE GÉNÉRALE,Chirurgie
ANATOMIE et CYTOLOGIE PATHOLOGIQUES HUMAINES,Anatomo-pathologie
MALADIES INFECTIEUSES,Médecine infectieuse et tropicale
MÉDECINE DU TRAVAIL,Médecine du travail
NUTRITION,Nutrition
MÉDECINE SCOLAIRE,Médecine scolaire
MÉDECINE PHYSIQUE VERTEBROTH OSTHÉOPATHIE,Ostéopathie
NON COLLECTEE,
PRATICIEN HYGIENISTE,Hygiène
CHIRURGIE THORACIQUE ET VASCULAIRE,Chirurgie cardiovasculaire et thoracique
DERMATOLOGUE,Dermatologie
RADIO-THÉRAPIE,Radiothérapie
MEDCINE GÉNÉRALE,Médecine générale
ALLERGOLOGUE,Allergologie
dermatologue,Dermatologie
CHIRURGIEN VISCERAL,Chirurgie viscérale et digestive
CHIRURGIEN GENERAL,Chirurgie
CHIRURGIEN GYNECOLOGIQUE,Gynécologie
CHIRURGIEN GYNECOLOGIQUE ,Gynécologie
NEUROCHIRURCHIEN,Neurologie
RADIODIAGNOSTIC ET IMAGERIE MEDICALE,Radiologie
CHIRURGIE VISCERALE ET DIGESTIVE,Chirurgie viscérale et digestive
REANIMATION MEDICALE - ANESTHESIE,Anesthésie réanimation
ANGIOLOGIE,Médecine vasculaire
RADIOLOGIE INTERVENTIONNELLE,Radiologie
NEURORADIOLOGIE,Radiologie
GYNECOLOGIE OBSTETRIQUE,Gynécologie
NEURORADIOLOGIE INTERVENTIONNELLE,Radiologie
RADIO CARDIO VASCULAIRE,Radiologie
CHIRURGIE THORACIQUE ET CARDIOVASCULARIE,Chirurgie cardiovasculaire et thoracique
RADIODIAGNOSTIC,Radiologie
CHIRURGIE VASCULAIRE ET ENDOVASCULAIRE,Chirurgie cardiovasculaire et thoracique
CHIRURGIE INFANTILE,Chirurgie infantile
PEDIATRIE - REANIMATION MEDICALE,Pédiatrie
CHIRURGIE UROLOGIQUE,Urologie
CHIRURGIE THORACIQUE ET CARDIO VASCULAIRE,Chirurgie cardiovasculaire et thoracique
CHIRURGIE OBSTETRIQUE,Obstétrie
SANTE PUBLIQUE ET MEDECINE SOCIALE,Santé publique et médecine sociale
PATHOLOGIE CARDIO VASCULAIRE,Cardiologie
STOMATOLOGIE,Stomatologie
CHIRURGIE MAXILO FACIALE,Chirurgie maxillo-faciale
BLOC OPERATOIRE,Bloc opératoire
NEUROLOGIE ET PSYCHIATRIE,Neurologie
NUTRITIONISTE,Nutrition
RADIODIAGNOSTIQUE,Radiologie
MEDECIN NUCLEAIRE,Radiologie médicale
GYNECOLOGUE-OBSTETRICIEN,Gynécologie
CHIRURGIEN GYNECOLOGUE,Gynécologie
CANCEROLOGUE,Oncologie
MEDECIN - MEDECINE INTERNE,Médecine interne
MEDECIN BIOLOGISTE,Biologie médicale
ASSISTANT MEDECINE NUCLEAIRE,Interne
MEDECIN MILITAIRE,Médecine militaire
Pneumologie - phtisiologie,Pneumologie
Phlébo angeio,Médecine vasculaire
Inconnu,
Rééd fonction,Rééducation fonctionnelle
Chir vasculaire,Chirurgie cardiovasculaire et thoracique
Chir viscérale,Chirurgie viscérale et digestive
Cardio pédiatrie,Cardiologie
Manipulat radio,Radiologie
Gynécologue,Gynécologie
Cardiopédiatrie,Cardiologie
cardiologue,Cardiologie
Médecine vasculaire,Cardiologie
Médecin Générale,Médecine générale
Chir Thoracique et cardiovasculaire,Chirurgie cardiovasculaire et thoracique
Cardio Interventionnelle,Chirurgie cardiovasculaire et thoracique
Médecin Généraliste,Médecine générale
M phy verteb ost,Ostéopathie
Médecine Esthet,Chirurgie plastique reconstructrice et esthétique
Imagerie Méd,Radiologie
Chirurgien thoracique et cardiovasculaire,Chirurgie cardiovasculaire et thoracique
Médecin Cardiologue Interventionnel,Cardiologie
Maladies cardiovasculaires,Cardiologie
pneumologue,Pneumologie
Orateur Rhum.,
Anesthésiste Réanimateur,Anesthésie réanimation
MEDECINE SPORTIVE,Médecine du sport
medecin généraliste,Médecine générale
Angioplasticien,Angioplasticien
Anesthésiste,Anesthésie réanimation
Pneumologue,Pneumologie
NEPRHOLOGUE,Néphrologie
Medecin Généraliste,Médecine générale
MEDECIN ANESTHESISTE,Anesthésie réanimation
Médecin physique,Médecine physique et de réadaptation
Réanimateur,Anesthésie réanimation
Médecin conseil,Médecine conseil
Méd du travail,Médecine du travail
Gynecologue,Gynécologie
Diabétologue,Diabétologie
Cardiologie et maladies vasculaires,Cardiologie
Médecin généraliste Service SAMU,Médecine générale
GERIATRE/ANGIOLOGUE,Gérontologie
Chir digestive,Chirurgie viscérale et digestive
médecin généraliste,Médecine générale
A-R- Urgentiste,Médecine d'urgence
Epidémiologue,Épidémiologie
Méd nucléaire,Radiologie médicale
Médecine Vasculaire,Cardiologie
Méd sportive,Médecine du sport
Hematologue,Hématologie
Gynécologue-Obstétrique,Gynécologie
Chef de Clinique,Cadre
Pharmacologue,Pharmacologie
Médecine interne et cardiologie,Médecine interne
médecin généraliste angiologue,Médecine générale
Anatomopatholog,Anatomo-pathologie
Anatomopathologue,Anatomo-pathologie
Métabolisme,Médecine des maladies Métaboliques
Gynécologuie,Gynécologie
Cardiologue - HFA,Cardiologie
Cadiologie Cardio Vasculaire,Chirurgie cardiovasculaire et thoracique
CARIDOLOGUE,Cardiologie
Medecine nucléaire,Radiologie médicale
Cardio-Vasculaire,Chirurgie cardiovasculaire et thoracique
REEDUCATION,Rééducation fonctionnelle
CHIRUGIE UROLOGIE,Urologie
CHIRURGIE PEDIATRIQUE,Pédiatrie
GERONTOLOGIE,Gérontologie
Kinésitherapeute,Kinésitherapie
endocrinologie,Endocrinologie
Medecine physique et réadaptation,Médecine physique et de réadaptation
Scoliologue,Scoliologue
Angeiologue,Médecine vasculaire
Dermatologue,Dermatologie
medecin interne,Médecine interne
medecin vasculaire,Cardiologie
Chirugien vasculaire,Chirurgie cardiovasculaire et thoracique
CHEF DE CLINIQUE ASSISTANT CHIRURGIE VASCULAIRE,Chirurgie cardiovasculaire et thoracique
CHIRURGIEN ABDOMINAL,Chirurgie abdominale
CHIRURGIEN HEPATO BILIAIRE,Hépatologie
CHEF DE SERVICE CHIRURGIE VASCULAIRE,Urologie
CHEF DE SERVICE GASTRO-ENTEROLOGIE,Gastro-entérologie
DOCTEUR EN GASTO-ENTEROLOGIE,Gastro-entérologie
CHEF DE CLINIQUE ASSISTANT CHIRURGIE ABDOMINALE,Chirurgie abdominale
CHEF DE CLINIQUE ASSISTANT CHIRURGIE HB,Chirurgie abdominale
CHEF DE CLINIQUE ASSISTANT,Cadre
RADIOLOGUE INTERVENTIONNEL,Radiologie
CHIRURGIEN ABDOMINALE,Chirurgie abdominale
PROFESSEUR EN CHIRURGIE ABDOMINALE,Chirurgie abdominale
CHIRUGIEN HEPATO BILIAIRE,Hépatologie
CHEF DE SERVICE PH URGENTISTE,Médecine d'urgence
CHEF DE CLINIQUE ASSISTANT RADIOLOGIE INTERVENTIONNEL,Chirurgie abdominale
CHIRURGIEN HEPATO-BILIAIRE,Hépatologie
CHEF CHIRURGIE DIGESTIF,Chirurgie viscérale et digestive
Praticien Hospitalier,Praticien hospitalier
Chirurgie Infantile,Chirurgie infantile
ASSISTANTE,Services généraux
GYNECOLOGIE OBSTETRICIENNE,Gynécologie
CHIRURGIE PLASTIQUE,Chirurgie plastique reconstructrice et esthétique
ASSITANTE,Services généraux
SURVEILLANTE DE BLOC,Bloc opératoire
ASSSITANTE,Services généraux
D.I.U. ECHOGRAPHIE GYNECOLOGIQUE ET OBSTETRICALE,Gynécologie
PSYCHOLOGUE CLINICIENNE,Psychologie
RADIOSENOLOGUE,Radiologie
INGENIEUR DE RECHERCHE,Recherche médicale
ATTACHEE DE RECHERCHE CLINIQUE,Recherche médicale
RADIOSENOLOGIE ET IMAGERIE MEDICALE,Radiologie
GYNECO-OBS ET GYN MED OPTION GYN-OBSTETRIQUE,Gynécologie
BIOLOGIE CELLULAIRE,Biologie médicale
SECRETAIRE SCIENTIFIQUE,Recherche médicale
ONCOGENETICIEN,Oncologie
GYNECOLOGIE OBSTETRIE,Gynécologie
CANCEROLOGIE MALADIE DU SANG,Homéopathie
ASSISTANT,Services généraux
SURVEILLANT DE BLOC,Bloc opératoire
BRANCARDIER,Brancardier
SECRETAIRE MEDICALE,Services généraux
DIRECTRICE ADJOINTE,Direction
AIDE OPERATOIRE,Bloc opératoire
DIRECTEUR,Direction
DIRECTEUR GENERAL,Direction
DIRECTEUR COMMERCIAL,Cadre
TECHNICIEN,Biologie médicale
RESPONSABLE CAPILLAIRE,Capillaire
AIDE SOIGNANT,Aide soignant
INFORMATICIEN,Services généraux
STOMATOLOGUE,Stomatologie
SERVICE GENERAUX,Services généraux
CONSEILLERE,Médecine conseil
SERVICE INTERNET,Informatique
RECEPTIONNISTE,Services généraux
RESPONSABLE QUALITE,Services généraux
COMPTABLE,Services généraux
RESPONSABLE COMMUNICATION,Services généraux
DIRECTEUR FINANCIER,Direction
RESPONSABLE MAINTENANCE,Services généraux
RESPONSABLE INTERNET,Informatique
ASSISTANTE DE DIRECTION,Direction
CADRE,Cadre
Hématologue - Biologiste,Hématologie
Chercheur,Recherche médicale
Geriatrie,Gérontologie
Hémato,Hématologie
Hépatologie,Hépatologie
Soins,Aide soignant
Plastique,Chirurgie plastique reconstructrice et esthétique
Urologue,Urologie
Anesthésie-Réa,Anesthésie réanimation
ABM,Biologie médicale
Hématologie oncologie pédiatrique,Oncologie
Gyneco,Gynécologie
Réa Pédiatrique,Pédiatrie
Chirurgie Hépatobiliaire et Transplantation Hépatique,Hépatologie
hémato-immunologie,Immunologie
Service de chirurgie cardiaque,Chirurgie cardiovasculaire et thoracique
HEMATOLOGIE MALADIES DU SANG,Hématologie
Chirurgien digestif,Chirurgie viscérale et digestive
Hématologie Pediatrique,Hématologie
SCE CHIRURGIE DIGESTIVE ET METAB.,Chirurgie viscérale et digestive
Hématologie Oncologie Pédiatrique,Oncologie
Hématologie Pédiatrique,Hématologie
Hématologie et Oncologie Pédiatrique,Oncologie
Hématologie Oncologie,Oncologie
Viscérale Pédiatrique,Pédiatrie
Chirurgie hépatique,Hépatologie
ENDOCRINOLOGIE DIABETE MALADIES METABOLIQUES,Endocrinologie
Chirurgien Digestif,Chirurgie viscérale et digestive
Anésthésiste,Anesthésie réanimation
Chirurgien Hépatobiliaire,Hépatologie
SCE CHIRURGIE VASCULAIRE,Chirurgie cardiovasculaire et thoracique
SCE DE CHIRURGIE CARDIAQUE,Chirurgie cardiovasculaire et thoracique
Oncologie option médicale,Oncologie
Chef de service Chirurgien Urologie et transplantation renale,Urologie
Chirurgie Hépato-biliaire et Transplantation Hépatique,Hépatologie
Chirurgie Obésité et Maladie Infectieuses,Chirurgie obésité
Chir Viscerale,Chirurgie viscérale et digestive
UNITE GENETIQUE/PEDIATRIE,Pédiatrie
Gastro,Gastro-entérologie
Chir Digestive,Chirurgie viscérale et digestive
Chirurgie digestive pédiatrique,Chirurgie viscérale et digestive
Onco Pédiatrie,Oncologie
CHIRURGIE ORL,Oto-rhino-laryngologie
Cancerologie,Oncologie
HEMATOLOGIE ONCOLOGIE PEDIATRIQUE,Oncologie
Chirurgie cardio vasculaire,Chirurgie cardiovasculaire et thoracique
SOINS PALIATIFS,Soins palliatifs
Chirurgie orthopédique,Chirurgie orthopédique et traumatologique
Chirurgie Maxillo Faciale Stomato,Chirurgie maxillo-faciale
Neurologie et Psychiatrie,Neurologie
Chirurgie cardio-vasculaire thoracique,Chirurgie cardiovasculaire et thoracique
HEMATO-ONCOLOGIE,Oncologie
Hématologie pédiatrique,Hématologie
HEMATOTOGIE,Hématologie
Professeur Chirurgie orthopédique,Chirurgie orthopédique et traumatologique
Chirurgien cardiaque,Chirurgie cardiovasculaire et thoracique
anesthésie réa,Anesthésie réanimation
HEMATOLOGIE BIO,Hématologie
Coordination prélèvement d'organes,Prélèvement d'organes
Service dHématolo-immunologie,Immunologie
Chir Dig,Chirurgie viscérale et digestive
ACC,Cardiologie
Chirugie Orthopédique,Chirurgie orthopédique et traumatologique
Conseil PV et BV,Conseil pv et bv
Chir Gig,Chirurgie
BLOC,Bloc opératoire
chirurgie orthopédique,Chirurgie orthopédique et traumatologique
Med. Interne,Médecine interne
Medecine générale,Médecine générale
Immuno Hématologie Pédiatrique,Immunologie
Coordinateur et réanimateur,Anesthésie réanimation
Chirurgien Général,Chirurgie
Coordinateur et réanimateuranesthésiste,Anesthésie réanimation
Hémato-Pédiatrie,Hématologie
Hémato clinique,Hématologie
CHIR DIGESTIVE,Chirurgie viscérale et digestive
Chef de Service,Cadre
HOPITAL MEDICAL JOUR,
GASTRO,Gastro-entérologie
Hématologie Biologie,Hématologie
Stomato-Chirurgie Maxillo Faciale,Chirurgie maxillo-faciale
HEMATOLOGIE LABO,Hématologie
HEMATOLOGIE PEDIATRIQUE,Hématologie
Digestif,Médecine digestive
Hémato Pédiatrie,Hématologie
Directeur Hôpital,Direction
Pédiatrie interne,Pédiatrie
Oncologue,Oncologie
ORTHOPEDISTE CNOM,Orthopédie
GENERALISTE CNOM,Médecine générale
CHIRURGIEN GENERALISTE CNOM,Chirurgie
ANESTHESISTE CNOM,Anesthésie réanimation
MEDECIN READAPTATION,Médecine physique et de réadaptation
phlébologue/angiologue,Médecine vasculaire
NEPHROLOGIE TRANSPLANTATION,Néphrologie
REANIMATION,Anesthésie réanimation
NEPHROLOGIE-TRANSPLANTATION,Néphrologie
NEPHROLOGIE - IMMUNOLOGIE,Néphrologie
PRESIDENT UNIVERSITE LYON 1,Direction
TRANSPLANTATION,Transplantation
NEPHROLOGIE - DIALYSE PERITONEALE,Néphrologie
NEPHROLOGIE HEMODIALYSE - DIALYSE PERITONEALE,Néphrologie
URGENCES PEDIATRIQUES FEH,Médecine d'urgence
NEPHROLOGIE PEDIATRIE,Pédiatrie
PEDIATRE REANIMATEUR,Pédiatrie
NEPHROLOGIE PEDIATRIQUE,Pédiatrie
REANIMATION POLYVALENTE,Anesthésie réanimation
REANIMATION MEDICOCHIRURGICALE,Anesthésie réanimation
TRANSPLANTATION NEPHROLOGIE,Néphrologie
NEPHOLOGUE,Néphrologie
NEPHROLOGUE PEDIATRE,Pédiatrie
NEPHROLOGIE/TRANSPLANTATION,Néphrologie
NEPHROLOGIE CHIRURGIEN,Néphrologie
APHERESE,Aphérèse
ONCOBIOLOGIE,Oncologie
EPIDEMIOLOGIE,Épidémiologie
Radiologie et Imagerie medicale,Radiologie
Medecine Nucleaire,Radiologie médicale
Medecine Generale,Médecine générale
Anatomie Pathologique et Cytologie,Anatomo-pathologie
Gastroenterologie,Gastro-entérologie
Orthoptiste,Orthopédie
Pedriatrie,Pédiatrie
Genetique medicale,Génétique
Mhematologie,Hématologie
CHIRURGIE MAXILO-FACIALE,Chirurgie maxillo-faciale
CHIRURGIE DE LA FACE ET DU COU,Chirurgie maxillo-faciale
ANESTHÉSISTE,Anesthésie réanimation
CHIRURGIE DENTAIRE,Chirurgie dentaire
chirurgien orthopédique,Chirurgie orthopédique et traumatologique
chirurgien du rachis,Chirurgie du rachis
Chir. Vasc.,Chirurgie cardiovasculaire et thoracique
NÉPHROLOGUE,Néphrologie
MÉDECIN NÉPHROLOGUE,Néphrologie
NÉPHROLOGUE RESPONSABLE DU SERVICE,Néphrologie
PH,Praticien hospitalier
PRATICIEN HOSPITALIER,Praticien hospitalier
MÉDECIN LIBÉRAL,Médecine générale
CHEF DE SERVICE,Cadre
MÉDECIN DIRECTEUR,Direction
PRATICIEN,Praticien
CARDIOLOGUE NÉPHROLOGUE PNEUMOLOGUE MÉDECINE INTERNE,Cardiologie
Néphro/Directeur,Direction
ASSISTANT SPÉCIALISTE,Services généraux
ASSISTANT NEPHROLOGUE,Néphrologie
Service Chrirurgie Vasculaire,Chirurgie cardiovasculaire et thoracique
MPR,Médecine physique et de réadaptation
Médecin Réanimateur,Médecine physique et de réadaptation
Médecin Chef de service MPR,Médecine physique et de réadaptation
Médecin MPR,Médecine physique et de réadaptation
Médecin Chirurgie Urologique,Urologie
Médecin Chirurgie Urologie,Urologie
Non applicable,Autre
PHLEBOLOGUE / ANGIOLOGUE,Médecine vasculaire
médecin endocrinologue MCU PH,Endocrinologie
expert,
Angeiologie,Médecine vasculaire
Médecin Biologiste,Biologie médicale
Pharmacien Biologiste,Biologie médicale
Anesthesiste,Anesthésie réanimation
Divers,
Psycho motricité,Psychomotricité
Madame,
GYNÉCOLOGIE MÉDICALE ET OBSTÉTRIQUE,Gynécologie
GYN2COLOGIE MÉDICALE ET OBSTÉTRIQUE,Gynécologie
GYN2COLOGIE OBSTÉTRIQUE,Gynécologie
OBSTÉTRIQUE,Obstétrie
GYNÉCOLOGIE OBSTÉTRIQUE ET MÉDICALE,Gynécologie
OPHTALMOLOGUE,Ophtalmologie
Chirurgie Orthopédique et Tra,Chirurgie orthopédique et traumatologique
Phlébologie - angeiologie,Médecine vasculaire
Oncologie-carcinologie-cancér,Oncologie
Allergologie - immunologie,Allergologie - immunologie
chirurgiens cardio-vasculaires,Chirurgie cardiovasculaire et thoracique
Virologue,Virologie
Virolgue,Virologie
Sage femme,Sage-femme
Phlébologie – Angiologie,Médecine vasculaire
Oncologie Option radiothérapie,Oncologie
Chef de service,Cadre
Chirugie générale,Chirurgie
Oncologie médicale,Oncologie
Pneumo-pédiatrie,Pneumologie
Medecine Intrene,Médecine interne
Asthme,Asthme
Oncologie-carcinologie-cancer,Oncologie
Allergologie / immunologie,Allergologie - immunologie
CHIRURGIE UROLOGIE,Urologie
Service Maternité obstétrique,Gynécologie
virologue,Virologie
Médecine Génrérale,Médecine générale
médecine Générale,Médecine générale
Médecine du Travail,Médecine du travail
Gynécologie-Obsétrique,Gynécologie
Oncodermatologue,Oncologie
Oncologue et dermatologue,Oncologie
Directrice projet médico-scientifique,Direction
MEDECIN HOSPITALIER,Praticien hospitalier
CHEF DE CLINIQUE (medecin),Cadre
MEDECIN PH,Praticien hospitalier
Médecin générale,Médecine générale
Médecine Interne et Maladies Systémiques,Médecine interne
Médecine Interne et d'Immunologie Clinique,Médecine interne
Préparateur en Pharmacie,Pharmacologie
Médecine physique-vertebroth.,Ostéopathie
Hygiène scolaire,Hygiène
Chir. plastique reconstructr,Chirurgie plastique reconstructrice et esthétique
Santé Publique et Médecine S,Santé publique et médecine sociale
Chirurgie de la main et du mem,Chirurgie de la main et du membre supérieur
Bactériologie,Bactériologie
Expertise - dégats corporels,Expertise dégats corporels
Orthopédie,Orthopédie
Oto- rhino laryngo,Oto-rhino-laryngologie
Radiothérapeute,Radiothérapie
Chirurgie Vascualaire,Chirurgie cardiovasculaire et thoracique
Médecine Urgence,Médecine d'urgence
Othorinologie,Oto-rhino-laryngologie
Gynécologie-Obstetrique,Gynécologie
Obstétricien,Obstétrie
dermatologie,Dermatologie
Médecine Urgences,Médecine d'urgence
Medecine Urgences,Médecine d'urgence
Anatomie Pathologie,Anatomo-pathologie
Neuro-pédiatrie,Neurologie
Neuro-psychologie,Neurologie
Neuro pédiatrie,Neurologie
Ergothérapeute,Ergothérapeute
IRM,Radiogie
Oto-rhino,Oto-rhino-laryngologie
Pédicure,Podologie
Psychatrie,Psychiatrie
chirurgie Orthopédique,Chirurgie orthopédique et traumatologique
Asnesthésiologie,Anesthésie réanimation
Orthophoniste,Orthophonie
Chargé de Recherche,Recherche médicale
EPIDEMIOLOGISTE,Épidémiologie
Ingénieur en éducation thérapeutique,Éducation thérapeutique
oncodermatologue,Oncologie
Oncologie-carcinologie-cancérologie,Oncologie
CARDIOLOGIE ET MALADIE VASCULAIRES,Cardiologie
BIOLOGIE GENETIQUE,Biologie médicale
Centre anti-tabac,Tabacologie
VIROLOGUE,Virologie
NEURO PEDIATRE,Neurologie
urologue,Urologie
Chirurgien Urologue,Urologie
Anatomopathologiste,Anatomo-pathologie
oto-rhino-laryngologie,Oto-rhino-laryngologie
oncologie option radiothérapie,Oncologie
Gastro-entérologue et hépatologue,Gastro-entérologie
Radio-diagnostic et imagerie médicale,Radiologie
Cardiologie et maladies cardiovasculaires,Cardiologie
Gynécologie médicale,Gynécologie
Anatomie et cytologie pathologiques humaines,Anatomo-pathologie
Pathologie cardio-vasculaire,Cardiologie
cardiologie et maladies vasculaires,Cardiologie
Radiodiagnostic et Imagerie médicale,Radiologie
Dermatologie-venérologie,Dermatologie
Médecine physique,Médecine physique et de réadaptation
Gastro-enterologie Hépatologie,Gastro-entérologie
Odontologie conservatrice,Odontologie
Radio-oncologue,Oncologie
Hmatologue,Hématologie
Oncologie radiothrapie,Oncologie
Pathologue,Hépatologie
Chirurgien Oncologue,Oncologie
Gyncologie,Gynécologie
Gyncologue oncologue,Oncologie
Gyncologue,Gynécologie
UREC,Services généraux
Pharmacien hospitalier,Pharmacologie
Oncologie mdicale,Oncologie
Mdecin de ville,Médecine générale
Orthopdiste,Orthopédie
recherche clinique,Recherche médicale
Pdiatrie,Pédiatrie
CHIR GYN,Gynécologie
Radio Therapeute,Radiothérapie
Oncologue mdicale,Oncologie
mdecin de centre,Médecine de centre
Pharmacocinticien,Pharmacologie
Chirurgien gynecologique,Gynécologie
House physician,Biologie médicale
INTERNE RT,Interne
INTERNE oncologie,Oncologie
Radiotherapeute,Radiothérapie
ARCAGY director,Direction
House physician in oncology,Oncologie
Director,Direction
Pathologist,Biologie médicale
medecin de centre,Médecine de centre
pathologist,Biologie médicale
Radio-oncologist,Oncologie
Haematologist,Hématologie
oncologie mdicale,Oncologie
Chirurgie Orthopedie,Chirurgie orthopédique et traumatologique
Phatologie,Phatologie
Oncologie Mdicale,Oncologie
anesthésiste-réanimateur,Anesthésie réanimation
Non trouvé,
Dermatologue-vénéréologue,Dermatologie
Médecin remplaçant,Interne
Chirurgien viscéral,Chirurgie viscérale et digestive
Gériatre,Gérontologie
Médecin du travail,Médecine du travail
Chirurgien urologue,Urologie
Chirurgien général,Chirurgie
Médecin généraliste remplaçant,Médecine générale
Gasto-entérologue,Gastro-entérologie
Chirurgien plastique,Chirurgie plastique reconstructrice et esthétique
Chirurgien viscéral et digestif,Chirurgie viscérale et digestive
Oto-rhino-laryngologiste,Oto-rhino-laryngologie
Médecin du sport,Médecine du sport
Chirurgien orthopédique,Chirurgie orthopédique et traumatologique
Chirurgien infantile,Chirurgie infantile
Anesthésiste réanimateur,Anesthésie réanimation
Médecin INTERNE,Médecine interne
Médecin GENERALE,Médecine générale
Angeologue,Médecine vasculaire
MEDECIN GENERALE,Médecine générale
DERMATO-VENEREOLOGIE,Dermatologie
ORL ET CHIRURGIE CERVICO-FACIALE,Oto-rhino-laryngologie
MED PHYSIQUE ET READAPTATION FONCTIONNELLES,Médecine physique et de réadaptation
Médecin addictologue,Toxicologie
Médecin général,Médecine générale
Médecin urgentiste,Médecine d'urgence
Cancerologue,Oncologie
Anésthésiste -Réa,Anesthésie réanimation
DIABETOLOGUE,Diabétologie
CHIRURGIEN PLASTICIEN,Chirurgie plastique reconstructrice et esthétique
Chirurgien Oncologiste,Oncologie
Chirurgien thoracique,Chirurgie cardiovasculaire et thoracique
Gérontologue,Gérontologie
Non communiqué,
Médecin ORL,Oto-rhino-laryngologie
Chirurgien plasticien,Chirurgie plastique reconstructrice et esthétique
Médecin Esthétique,Chirurgie plastique reconstructrice et esthétique
Internat,Interne
Interne TVF,Interne
Chirurgie dentaire,Chirurgie dentaire
Medecine generale,Médecine générale
gynecologie,Gynécologie
Medecine esthetique,Chirurgie plastique reconstructrice et esthétique
Mesotherapie,Chirurgie plastique reconstructrice et esthétique
Chirurgie Orthopédique,Chirurgie orthopédique et traumatologique
Médecine Physique,Médecine physique et de réadaptation
Médecine physique et réadaptation,Médecine physique et de réadaptation
Biologie Médicale,Biologie médicale
Dermatologie vénéréologie,Dermatologie
Chirurgie plastique,Chirurgie plastique reconstructrice et esthétique
Pharmacien Officine,Pharmacologie
Pharmacien Hospitalier,Pharmacologie
Pharmacien officine,Pharmacologie
Centre d'Evaluation et de Traitement de la Douleur de Robert Debr ,Anesthésiologie
Podologue,Hépatologie
Médecin militaire,Médecine militaire
Médecin dermatologue,Dermatologie
Nephrologue,Néphrologie
Pediatre,Pédiatrie
Phlébologue,Phlébologie
Médecine Vascularie,Cardiologie
Endocrinolgue,Endocrinologie
médecin vasculaire,Cardiologie
Médecine urgentiste préhospitalier,Médecine d'urgence
Endocrinologie et maladies métaboliques,Endocrinologie
Endocrinologie Diabétologie,Endocrinologie
Endocrinologie - Diabétologie - Métabolisme,Endocrinologie
Maladies métaboliques,Médecine des maladies Métaboliques
Edocrinologie et métabolisme,Endocrinologie
Plaies et Cicatrisation,Médecine physique et de réadaptation
Chirurgie Thoracique et Cardiovasculaire,Chirurgie cardiovasculaire et thoracique
Consultations Externes,
Endocrinologie Diabète Maladies métaboliques,Endocrinologie
généraliste,Médecine générale
Chirurgie esthétique,Chirurgie plastique reconstructrice et esthétique
Allergologue pneumologue pédiatre,Pédiatrie
Chir esthétique,Chirurgie plastique reconstructrice et esthétique
Dermato,Dermatologie
Phlébo,Phlébologie
Cancérologue,Oncologie
Homéo,Homéopathie
Chir Vasculaire,Chirurgie cardiovasculaire et thoracique
Endocrino,Endocrinologie
Chir,Chirurgie
Chir Générale,Chirurgie
Chir Plastique,Chirurgie plastique reconstructrice et esthétique
Médecin Vascul,Cardiologie
Chir Dermato,Chirurgie dermatologique
DIABETO ENDOCRINOLOGIE,Diabétologie
PHLEBOLOGIE,Phlébologie
URGENCES DOULEURS GERIATRIE,Médecine d'urgence
Angéiologie,Médecine vasculaire
CHIRURGIE VASCULAIRE ET THORACIQUE,Chirurgie cardiovasculaire et thoracique
Phlébologie,Phlébologie
chirurgie oncologique,Oncologie
Médecin Interne,Médecine interne
Dermatologie/ vénéreologie,Dermatologie
Chef de service de dermatologue,Dermatologie
Phlebologue-Angiologue,Médecine vasculaire
Santé publique et médecine sociale,Santé publique et médecine sociale
Dermatologie Vénérologie,Dermatologie
Chirurgie plastique reconstructrice,Chirurgie plastique reconstructrice et esthétique
Chirurgie général,Chirurgie
Chirurgie thoracique et cardiovasculaire,Chirurgie cardiovasculaire et thoracique
Medecine physique et réadaptation fonctionnelles,Médecine physique et de réadaptation
Chirurgie de la mains,Chirurgie de la main et du membre supérieur
Phlébologue - Angeiologue,Médecine vasculaire
Praticien Hospitalier Medecine vasculaire,Praticien hospitalier
DERMATO,Dermatologie
PHLEBO,Phlébologie
DIABETO,Diabétologie
CHIR PLAST,Chirurgie plastique reconstructrice et esthétique
CHIR,Chirurgie
ENDOCRINO,Endocrinologie
CHIR VAS,Chirurgie cardiovasculaire et thoracique
STOMATO,Stomatologie
Chirugie orhtopédique,Chirurgie orthopédique et traumatologique
Chirurgie plastique esthétique et réparatrice,Chirurgie plastique reconstructrice et esthétique
Gériatre - Gérontologue,Gérontologie
MEDECINE SCOLAIRE,Médecine scolaire
GYNECO,Gynécologie
gynécologue,Gynécologie
PUERICULTURE,Puériculture
pediatre,Pédiatrie
medecin radiologue,Radiologie
PUERICULTRICE,Puériculture
MEDECINE ESTHETIQUE,Chirurgie plastique reconstructrice et esthétique
ANDROLOGIE,Andrologie
GY CHIR OBS,Gynécologie
puerecultrice,Puériculture
CANCEROLOGIE,Oncologie
gyn,Gynécologie
medecin generaliste,Médecine générale
PATHOLOGIE CARDIOVASCULAIRE,Cardiologie
Gynéco,Gynécologie
médecin radiologue,Radiologie
Gynocologie,Gynécologie
PMI,Pédiatrie
MEDECIN PMI,Pédiatrie
DIETETIQUE,Diététique
EXPERTISE DEGATS CORPORELS,Expertise dégats corporels
MECINE GENERALE,Médecine générale
psy,Psychologie
PSYCHANALISTE,Psychiatrie
GENETIQUE,Génétique
directeur clinique,Direction
ASSISTANTE SOCIALE,Santé publique et médecine sociale
Généticien,Génétique
médecine génerale,Médecine générale
PEDO PSYCHIATRIE,Pédo-psychiatrie
médecin nucléaire,Radiologie médicale
Geneticienne,Génétique
GYNECOLGIE,Gynécologie
RESP ADMI MATERNITE,Gynécologie
Medecin generaliste remplacant,Médecine générale
SEXOLOGUE,Sexologie
ECHOGRAPHE,Échographie
SEXOLOGIE,Sexologie
DIRECTEUR CLINIQUE CARON,Direction
gynécoloque,Gynécologie
MEDECIN CONSEIL,Médecine conseil
echographie,Échographie
med,Médecine générale
GERIATRIE GERONTOLOGIE,Gérontologie
GYNECOLOGIE PSY,Gynécologie
PSCHOLOGUE,Psychologie
PSYCHOLOGIE,Psychologie
N.R.,
ECHOCARDIOGRAPHIE / EXPLO FONCT CARDIOVASCUL,Echocardiographie
MEDECINE APPLIQ. AU SPORT,Médecine du sport
AIDE MEDICALE URGENTE,Médecine d'urgence
DIABETOLOGIE / GERIATRIE,Diabétologie
ECHOCARDIOGRAPHIE / PNEUMOLOGIE,Echocardiographie
ACUPUNCTURE,Acupuncture
HOMEOPATHIE,Homéopathie
TOXICOMANIE ET ALCOOLOGIE,Toxicologie et alcoologie
EXPLO FONCT CARDIOVASCUL,Cardiologie
PROCTOLOGIE,Proctologie
Gastroentérologue et Phlébologue,Gastro-entérologie
EXPLO FONCT CARDIOVASCUL / MEDECINE NUCLEAIRE,Cardiologie
GYNECOLOGIE MEDICALE,Gynécologie
ECHOGR,Échographie
DIABETOLOGIE / TOXICOMANIE ET ALCOOLOGIE,Toxicologie et alcoologie
EXPLO FONCT CARDIOVASCUL / HEMATOLOGIE,Cardiologie
MESOTHERAPIE,Chirurgie plastique reconstructrice et esthétique
PSYCHIATRIE ENFANT ADO,Pédo-psychiatrie
GERIATRIE / GERONTOLOGIE,Gérontologie
REEDUC ET READAPT FONCT,Rééducation fonctionnelle
MEDECINE PENITENTIAIRE,Médecine penitentiaire
ANGEIOLOGIE / EXPLO FONCT CARDIOVASCUL,Cardiologie
MEDECINE EXOTIQUE,Médecine infectieuse et tropicale
ECHOCARDIOGRAPHIE / GERIATRIE,Echocardiographie
Praticien hospitalier,Praticien hospitalier
RETRAITE,Retraité
HYDROLOGIE ET CLIMAT MED / MED. THERM. ET CLIMAT,Hydrologie
ESTHETIQUE,Chirurgie plastique reconstructrice et esthétique
EXPLO FONCT CARDIOVASCUL / GERIATRIE,Cardiologie
Directeur UNF3S,Direction
ENDOCRINOLOGIE / RHUMATOLOGIE,Endocrinologie
PATHO INFECT ET TROPICALE,Médecine infectieuse et tropicale
GENETIQUE MEDICALE / GYNECOLOGIE MEDICALE / NUTRITION,Génétique
ANGEIOLOGIE / GERIATRIE,Médecine vasculaire
GYNECOLOGIE MEDICALE / GYNECOLOGIE OBSTETRIQUE,Gynécologie
IMMUNOPATHOLOGIE,Immunologie
CHERCHEUR,Recherche médicale
ACUPUNCTURE / HOMEOPATHIE,Homéopathie
GENETIQUE MEDICALE,Génétique
PATHO INFECT ET TROPICALE / PEDIATRIE,Médecine infectieuse et tropicale
ENDOCRINOLOGIE / NUTRITION,Endocrinologie
ACUPUNCTURE / TOXICOMANIE ET ALCOOLOGIE,Acupuncture
TRAITEMENT DE LA DOULEUR,Traitement de la douleur
MEDECINE DE CATASTROPHE,Médecine d'urgence
ANGEIOLOGIE / ESTHETIQUE,Médecine vasculaire
MEDECINE NUCLEAIRE,Radiologie médicale
ECHOCARDIOGRAPHIE / MEDECINE APPLIQ. AU SPORT,Echocardiographie
EXPLO FONCT CARDIOVASCUL / MEDECINE APPLIQ. AU SPORT,Cardiologie
REEDUC ET READAPT FONCT / RHUMATOLOGIE,Rééducation fonctionnelle
DIABETOLOGIE / ENDOCRINOLOGIE / RHUMATOLOGIE,Diabétologie
GERONTOLOGIE / MEDECINE APPLIQ. AU SPORT,Médecine du sport
MED. THERM. ET CLIMAT,Médecine infectieuse et tropicale
MAL APPAREIL DIGESTIF,Gastro-entérologie
ANGEIOLOGIE / GYNECOLOGIE MEDICALE,Médecine vasculaire
GERIATRIE / NUTRITION,Nutrition
médecine interne,Médecine interne
AIDE MEDICALE URGENTE / GENETIQUE MEDICALE,Médecine d'urgence
Médecin vasculaire et Phlébologue,Cardiologie
SOINS PALLIATIFS,Soins palliatifs
ANGEIOLOGIE / ECHOCARDIOGRAPHIE,Médecine vasculaire
MEDECINE LEG ET EXP MED,Médecine légale
GERIATRIE / MEDECINE APPLIQ. AU SPORT,Médecine du sport
ACUPUNCTURE / NUTRITION,Acupuncture
PEDIATRIE / PSYCHIATRIE,Pédiatrie
GERIATRIE / PSYCHIATRIE,Psychiatrie
ACUPUNCTURE / ANGEIOLOGIE,Acupuncture
MEDECINE AEROSPATIALE,Médecine aérospatiale
ECHOCARDIOGRAPHIE / NUTRITION,Echocardiographie
PSYCHIATRIE / TOXICOMANIE ET ALCOOLOGIE,Toxicologie et alcoologie
HEMOBIOLOGIE,Hématologie
ENDOCRINOLOGIE / GYNECOLOGIE MEDICALE,Endocrinologie
ENDOSCOPIE / GERIATRIE,Endoscopie
MEDECINE APPLIQ. AU SPORT / MESOTHERAPIE,Médecine du sport
PHARMACOCINETIQ META MED,Toxicologie
RADIOPHARMACIE RADIOBIOL,Radiologie
AIDE MEDICALE URGENTE / GERIATRIE,Médecine d'urgence
ENDOCRINOLOGIE / EXPLO FONCT CARDIOVASCUL,Endocrinologie
NUTRITION / PSYCHIATRIE,Nutrition
VEILLE ET SOMMEIL,Médecine du sommeil
HYDROLOGIE ET CLIMAT MED,Hydrologie
MEDECINE APPLIQ. AU SPORT / OSTEOPATHIE,Médecine du sport
ALLERGOLOGIE / PNEUMOLOGIE,Allergologie
Gastro-entérologue & Hépatologue,Gastro-entérologie
AIDE MEDICALE URGENTE / EXPLO FONCT CARDIOVASCUL,Médecine d'urgence
ANESTHESIOLOGIE REA CHIR,Anesthésie réanimation
GERIATRIE / REEDUC ET READAPT FONCT,Gérontologie
GYNECOLOGIE MEDICALE / PROCTOLOGIE,Gynécologie
PODOLOGIE,Hépatologie
ENDOCRINOLOGIE / GYNECOLOGIE MEDICALE / GYNECOLOGIE OBSTETRIQUE,Endocrinologie
PSYCHIATRIE / URGENCES,Psychiatrie
PHARMACOLOGIE CLINIQUE,Pharmacologie
Gériatrie et gérontologie médico-sociale,Gérontologie
DERMATOLOGIE / HEMATOLOGIE,Dermatologie
ENDOCRINOLOGIE / NEUROLOGIE / RHUMATOLOGIE,Endocrinologie
ANGEIOLOGIE / ENDOCRINOLOGIE,Médecine vasculaire
DIABETOLOGIE / ENDOCRINOLOGIE,Endocrinologie
GERONTOLOGIE / TOXICOMANIE ET ALCOOLOGIE,Toxicologie et alcoologie
ECHOCARDIOGRAPHIE / NEPHROLOGIE,Echocardiographie
ENDOCRINOLOGIE / NEPHROLOGIE,Endocrinologie
TRAITEMENT DU SIDA,Traitement du sida
HEMOBIOLOGIE / NEPHROLOGIE,Hématologie
REEDUC ET READAPT FONCT / TOXICOMANIE ET ALCOOLOGIE,Rééducation fonctionnelle
ANGEIOLOGIE / ECHOCARDIOGRAPHIE / EXPLO FONCT CARDIOVASCUL,Cardiologie
EXPLO FONCT CARDIOVASCUL / PHARMACOLOGIE CLINIQUE,Cardiologie
EXPLO FONCT CARDIOVASCUL / GERIATRIE / REEDUC ET READAPT FONCT,Cardiologie
PHARMACOCINETIQ META MED / TOXICOMANIE ET ALCOOLOGIE,Toxicologie
PSYCHIATRIE ENFANT ADO / TOXICOMANIE ET ALCOOLOGIE,Pédo-psychiatrie
O.R.L,Oto-rhino-laryngologie
ENDOCRINOLOGIE / EXPLO FONCT CARDIOVASCUL / GYNECOLOGIE MEDICALE / GYNECOLOGIE OBSTETRIQUE,Endocrinologie
ACUPUNCTURE / GERIATRIE,Acupuncture
DIABETOLOGIE / ENDOCRINOLOGIE / NUTRITION,Diabétologie
ECHOCARDIOGRAPHIE / ENDOCRINOLOGIE / GYNECOLOGIE MEDICALE / GYNECOLOGIE OBSTETRIQUE / NUTRITION,Echocardiographie
ACUPUNCTURE / HOMEOPATHIE / PSYCHIATRIE,Homéopathie
ECHOCARDIOGRAPHIE / REEDUC ET READAPT FONCT,Echocardiographie
MEDECINE AEROSPATIALE / MEDECINE APPLIQ. AU SPORT,Médecine aérospatiale
ENDOCRINOLOGIE / NEUROLOGIE,Endocrinologie
Retraité,Retraité
EXPLO FONCT NEURO-SENSO,Cardiologie
ENDOSCOPIE,Endoscopie
MEDECINE TROPICALE,Médecine infectieuse et tropicale
MEDECINE LEG ET EXP MED / NUTRITION,Médecine légale
ENDOCRINOLOGIE / GYNECOLOGIE OBSTETRIQUE,Endocrinologie
GYNECOLOGIE MEDICALE / RHUMATOLOGIE,Gynécologie
GERIATRIE / PNEUMOLOGIE,Pneumologie
GERIATRIE / SEXOLOGIE,Sexologie
GERIATRIE / RHUMATOLOGIE,Rhumatologie
NEUROLOGIE / PSYCHIATRIE ENFANT ADO,Pédo-psychiatrie
neurologie,Neurologie
Chirurgie orthopédique et traumatologique,Chirurgie orthopédique et traumatologique
nephrologie,Néphrologie
Exploration fonctionnelle,Exploration fonctionnelle
Alcoologue,Alcoologie
Chir plastique,Chirurgie plastique reconstructrice et esthétique
Psychiatre Alcoologue,Alcoologie
Chir neurologiq,Neurologie
Santé pub méd so,Santé publique et médecine sociale
Addictologue,Addictologie
Gastro-Entérologue,Gastro-entérologie
NeuroPsychologue,Neurologie
Oto rhino laryn,Oto-rhino-laryngologie
Prépar Pharmacie,Pharmacologie
Hygiène hospit,Hygiène
Chir infantile,Chirurgie infantile
Psychiatre Addictologue,Psychiatrie
Psychiatre / Addictologue,Psychiatrie
Médecin Coordonnateur,Médecine générale
Psychiatre-Addictologue,Psychiatrie
Médecin Générale Non Qualifiée,Médecine générale
Maladies infect,Médecine infectieuse et tropicale
Interniste addictologue,Médecine interne
Cardiologie et Pharmacologie,Pharmacologie
Tech de labo,Biologie médicale
Neuro-Psychiatre,Neurologie
Médecin Généraliste / Addictologue,Médecine générale
SY,Psychologie
Gériatrie-Gérontologie,Gérontologie
Psychiatre/Addictologue,Psychiatrie
Neuropsychologue,Neurologie
Addictologue/Interniste,Addictologie
Addictologue/Gastro-Entérologue,Addictologie
Gastroentorologue,Gastro-entérologie
Toxicologie,Toxicologie
ORL Phoniatre,Oto-rhino-laryngologie
MÃ©decin chef de service Ã  l'EFS,Médecine physique et de réadaptation
gastro-entérologue,Gastro-entérologie
Anesthésie - Réanimation,Anesthésie réanimation
Médecin douleur,Traitement de la douleur
Hygiéniste,Hygiène
Praticien,Praticien
GASTROENTEROLOGUE,Gastro-entérologie
Anansthésiste réanimateur,Anesthésie réanimation
DU REPARATION JURIDIQUE DE DOMMAGE CORPOREL,Expertise dégats corporels
CHIRURGIE ORTHOPEDIQUE ET TRAUMATOLOGIE ET MEDECINE APPLIQUEE AUX SPORTS,Chirurgie orthopédique et traumatologique
DIU CHIRURGIE DE LA MAIN,Chirurgie de la main et du membre supérieur
CHIRURGIE ORHTOPEDIQUE ET TRAUMATOLOGIE,Chirurgie orthopédique et traumatologique
CHIRURGIE ORTHOPEDIQUE ET TRAUMATOLOGIE ET CHIRURGIE PEDIATRIQUE,Chirurgie orthopédique et traumatologique
CHIRURGIE ORTTHOPEDIQUE ET TRAUMATOLOGIE,Chirurgie orthopédique et traumatologique
Neuroradiologue,Radiologie
arthroscopie,Arthroscopie
angéiologie,Médecine vasculaire
médecine d'urgence,Médecine d'urgence
gérontologie,Gérontologie
chirurgie de la main,Chirurgie de la main et du membre supérieur
chirugie orthopédique et traumatologie,Chirurgie orthopédique et traumatologique
médecine vasculaire,Cardiologie
Dermatologie esthétique et cosmétologie,Dermatologie
Médecine d'urgence,Médecine d'urgence
Gérontologie,Gérontologie
Médecine d'urgence-gérontologie,Médecine d'urgence
Proctologie,Proctologie
Médecine et biologie du sport,Médecine du sport
Arthroscopie,Arthroscopie
Medecine et biologie du sport - Gérontologie,Médecine du sport
Anésthésie Réanimation,Anesthésie réanimation
Chirurgien Thoracique,Chirurgie cardiovasculaire et thoracique
Chir dentaire,Chirurgie dentaire
Anesthesiste-Réanimateur,Anesthésie réanimation
Infectiologue/Professeur,Médecine infectieuse et tropicale
Pharmacologie Clinique,Pharmacologie
Gastro-enterologie et hépatologie,Gastro-entérologie
Expert en Pharmacologie,Pharmacologie
Médecine,Médecine générale
Médecine générale spécialiste en pathologie infectieuse et tropicale clinique et biologique,Médecine infectieuse et tropicale
Infectiologue,Médecine infectieuse et tropicale
Chirurgien orthopédique et traumatologue,Chirurgie orthopédique et traumatologique
Anesthésiste-Réanimateur,Anesthésie réanimation
Ancien Interne et Assistant des Hôpitaux Anesthésie-Réanimation Chirugicale DESC de Réanimation Médicale DIU prise en charge de la Douleur DIU de Soins Palliatifs DIU physiologie et Pathologie du Sommeil,Autre
Diplômé de la Faculté de Médecine de Besançon Université de Franche-Comté titulaire du D.E.S. d'Anesthésie - Réanimation.,Anesthésie réanimation
CHIRURGIEN PRATICIEN,Chirurgie
GASTRO ENTEROLOGIE ET HEPATOLOGIE,Gastro-entérologie
Chirurgien maxillo-facial,Chirurgie maxillo-faciale
Chirurgie Plastique Reconstructrice et Esthétique,Chirurgie plastique reconstructrice et esthétique
HEMOPHILIE,Hémophilie
HEMOSTASE,Hémostase
COAGULOPATHIE,Hémopatie
MEDECIN INTERNISTE,Médecine interne
PHARMACEUTIQUE,Pharmacologie
URGENCES/HEMOVIGILANCE,Médecine d'urgence
MEDECIN HEMATOLOGUE,Hématologie
Ortopédiste,Orthopédie
Médecin interniste,Médecine interne
Oncologist,Oncologie
CHIRURGIEN CARDIO-THORACIQUE-VASCULAIRE,Chirurgie cardiovasculaire et thoracique
CHIRURGIEN THORACIQUE ET VASCULAIRE,Chirurgie cardiovasculaire et thoracique
CHIRURGIEN DIGESTIF ET VISCERAL,Chirurgie viscérale et digestive
CHIRURGIEN VASCULAIRE ET THORACIQUE,Chirurgie cardiovasculaire et thoracique
CHIRURGIEN CARDIO-THORACIQUE ET VASCULAIRE,Chirurgie cardiovasculaire et thoracique
CHIRURGIEN UROLOGIE,Urologie
NON IDENTIFIABLE,
CHIRURGIEN ESTHETIQUE,Chirurgie plastique reconstructrice et esthétique
CHIRURGIE CARDIAQUE ET VASCULAIRE,Chirurgie cardiovasculaire et thoracique
CHIRURGIE THORACIQUE ET CARDIOVASCULAIRE,Chirurgie cardiovasculaire et thoracique
CHIRURGIE PLASTIQUE RECONSTRUCTICE ET ESTHETIQUE,Chirurgie plastique reconstructrice et esthétique
ANESTHESIE - REANIMATION,Anesthésie réanimation
CHIRURGIE GYNECOLOGIQUE ET MAMMAIRE,Gynécologie
CHIRURGIEN THORACIQUE,Chirurgie cardiovasculaire et thoracique
ANETSHESISTE,Anesthésie réanimation
CHIRURGIE CARDIO-VASCULAIRE,Chirurgie cardiovasculaire et thoracique
CHIR DIG,Chirurgie viscérale et digestive
MEDECIN HYGIENISTE,Hygiène
CHIRURGIEN VASCERALE,Chirurgie viscérale et digestive
CIRURGIEN VISCERALE,Chirurgie viscérale et digestive
MEDECINE GENERAL,Médecine générale
Gastro-entérologie,Gastro-entérologie
PHLEBO-ANGEIO,Médecine vasculaire
OTO-RHINO-LARYN.,Oto-rhino-laryngologie
M.PHY-VERTEB-OST,Ostéopathie
PHYTOTHERAPIE,Phytothérapie
GERIATRIE-GERONT,Gérontologie
GASTRO-ENTERO,Gastro-entérologie
REED FONCTION.,Rééducation fonctionnelle
MEDECINE THERMALE,Médecine thermale
PNEUMOLO-PHTISIO,Pneumologie
ALLERGO-IMMUNO,Allergologie - immunologie
HOMÉOPATHIE,Homéopathie
GÉRIATRIE-GERONT,Gérontologie
MÉD SPORTIVE,Médecine du sport
BIOPHYSICIEN,Biologie médicale
RADIODIAGNOSTIC ET IMAGERIE MÉDICALE,Radiologie
ONCOLOGIE OPTION MÉDICALE,Oncologie
ANÉSTHESIE REANIMATION,Anesthésie réanimation
CARDIOLOGIE VASCULAIRE,Cardiologie
MEDECINE NUCLÉAIRE,Radiologie médicale
RADIO DIAGNOSTIC,Radiologie
NEUROPHYSIOLOGIE,Neurologie
CANCÉROLOGUE PNEUMOLOGUE,Oncologie
MÉDECINE GÉNERALE,Médecine générale
CHIRURGIEN OPHTALMOLOGISTE,Ophtalmologie
MME,
RADIOTHERAPIE,Radiothérapie
NEURO-CHIRURGIE,Neurologie
GASTRO ENTERO,Gastro-entérologie
ANTE PUBLIQUE ET MEDECINE SOCIALE,Santé publique et médecine sociale
PSRPM,Radiologie
musicothérapeute,Musicothérapie
ARTHERAPEUTE,Art-thérapie
KINESITHERAPIE,Kinésitherapie
HEPATO-GASTRO-ENTEROLOGIE,Gastro-entérologie
PHYSIOLOGIE DIGISTIVE,Physiologie
PHYSIOLOGIE DIGESTIVE,Physiologie
Veille - sommeil,Médecine du sommeil
ONCOLOGIE CARCINOLOGIE CANCEROLOGIE,Oncologie
INFECTIOLOGIE,Médecine infectieuse et tropicale
VIROLOGIE,Virologie
zz GYNECOLOGIE,Gynécologie
REEDUCATION FONCTIONNELLE,Rééducation fonctionnelle
BIOCHIMIE,Biologie médicale
zz HEMATOLOGIE,Hématologie
MEDECINE DIGESTIVE,Médecine digestive
HEPATOLOGIE GASTRO ENTEROLOGIE,Gastro-entérologie
SERVICE MALADIES INFECTIEUSES TROPICALES,Médecine infectieuse et tropicale
HEPATOLOGIE,Hépatologie
GASTRO ENTEROLOGIE ENDOSCOPIES,Gastro-entérologie
MEDECINE INTERNE ET ADDICTOLOGIE,Médecine interne
ENDOSCOPIES DIGESTIVES,Médecine digestive
HEPATHOLOGIE GASTRO ENTEROLOGIE,Gastro-entérologie
SERVICE GASTRO ENTEROLOGIE,Gastro-entérologie
POLE DE REFERENCE HEPATITE C,Homéopathie
MALADIES INFECTIEUSES TROPICALES,Médecine infectieuse et tropicale
Coordinatrice,Services généraux
Hépa-Gastroentérologie,Gastro-entérologie
Onco-Pneumologie,Oncologie
Anatomo-Pathologiste,Anatomo-pathologie
Médecine Général,Médecine générale
Anatomie et cytopathologies humaines,Anatomo-pathologie
Anatomo-pathologiste,Anatomo-pathologie
Pathologiste,Biologie médicale
Ophtalmolmologiste,Ophtalmologie
Immunologie clinique,Immunologie
Philosophe,Philosophie
Nucléaire,Nucléaire
Neuro-Ophtalmologie,Neurologie
Anatomie et Cytopathologies humaines,Anatomo-pathologie
expertise médicale,
Biostatisticien,Biologie médicale
Operation Clinique,Chirurgie
Psycho Oncologie,Oncologie
Maladies Infectieuses,Médecine infectieuse et tropicale
ONCOLOGIE CARCINOLOGIE CANCEROLO,Oncologie
HÉPATO-GASTROENTÉROLOGUE,Gastro-entérologie
HÉPATO-GASTROENTÉROLOGIE,Gastro-entérologie
GÉNÉRALISTE,Médecine générale
HÉPATO,Hépatologie
RADIOTHÉRAPEUTE,Radiothérapie
MÉDECINE INFECTIEUSE,Médecine infectieuse et tropicale
HÉPATOLOGUE,Hépatologie
GASTRO-ENTÉROLOGUE,Gastro-entérologie
PHARMACOLOGUE TOXICOLOGUE,Toxicologie
MALADIE INFECTIEUSE,Médecine infectieuse et tropicale
NÉPHROLOGIE,Néphrologie
PHARMACOLOGUE,Pharmacologie
CHIRURGIEN HÉPATIQUE,Hépatologie
ANAPATHOLOGISTE,Anapathologie
POLYCLINICIEN,Praticien hospitalier
RADIOTHÉRAPIE,Radiothérapie
HEPATO GASTRO,Gastro-entérologie
ANATOMO-PATHOLOGISTE,Anatomo-pathologie
CHARGE DE RECHERCHE,Recherche médicale
PNEUMO-ONCOLOGUE,Oncologie
NEUROPSYCHOLOGUE,Neurologie
ONCO-CARC-CANCER,Oncologie
ANATOMIE CYTHOLOGIE,Anatomo-pathologie
ONCOLOGIE-CARCINOLOGIE-CANCEROLOGUE,Oncologie
PHARMACIEN HOSPITALIER,Pharmacologie
ONCOLOGUE RADIOTHERAPEUTE,Oncologie
HÉPATO-GASTRO-ENTÉROLOGIE,Gastro-entérologie
COORDINATRICE EN ONCOLOGIE,Oncologie
INFIRMIER(E),Infirmier
HÉPATOLOGIE,Hépatologie
HEPATO-GASTRO,Gastro-entérologie
INTERNE EN ONCOLOGIE MÉDICALE ET RADIOTHÉRAPIE,Oncologie
INFIRMIÈRE,Infirmier
BIOCHIMIE BIOLOGIE MOLÉCULAIRE,Biologie médicale
ANA-PATH,Anapathologie
ONCOLOGIE-CARCINOLOGIE-CANCEROLO,Oncologie
ONCOLOGIE MÉDICALE,Oncologie
ONCOLOGIE RADIOTHÉRAPIE,Oncologie
ANATOMO PATHOLOGISTE,Anatomo-pathologie
ANATOMOPATHOLOGISTE,Anatomo-pathologie
INTERNISTE,Médecine interne
CARDIO,Cardiologie
EPIDÉMIOLOGISTE,Épidémiologie
IMMUNO RHUMATOLOGIE,Rhumatologie
DERMATO-VENEROLOGIE-CANCEROLOGIE,Dermatologie
BIOSTATISTICIEN,Biologie médicale
PNEUMO,Pneumologie
MALADIE INFECTIEUSES,Médecine infectieuse et tropicale
RADIOTHÉRAPEUTHE,Radiothérapie
HEPATO GASTROENTEROLOGUE,Gastro-entérologie
GASTRO ENTEROLOGIE HEPATOLOGIE,Gastro-entérologie
GASTRO-HÉPATO,Gastro-entérologie
HÉPATOGASTROENTÉROLOGUE ONCOLOGUE,Oncologie
PNEUMOLOUE,Pneumologie
DIABÉTOLOGUE,Diabétologie
STATISTICIEN,Services généraux
DIABÉTOLOGIE,Diabétologie
DIABÈTOLOGIE,Diabétologie
OTORHINOLARYNGOLOGIE,Oto-rhino-laryngologie
GYNÉCOLOGUE-OBSTÉTRICIEN,Gynécologie
MEDECINE GENRALE,Médecine générale
ENDOCTRINOLOGIE,Endocrinologie
DOCTEUR DIABETOLOGUE,Diabétologie
MEDCINE GENERALISTE,Médecine générale
GYNÉCOLOGIE ENDOCRINOLOGIE,Gynécologie
INTERNISTE/ ENDOCRINO-DIABÉTO,Endocrinologie
MEDECINE GENERALISTE,Médecine générale
Hepatologie,Hépatologie
Parasitologie mycologie,Parasitologie et mycologie
Anatomie et cytologie pathologiques,Anatomo-pathologie
Anaestesiologie et soin intensifs,Anesthésie réanimation
Pathologie cardiovasculaire,Cardiologie
BIOLOGIE MÉDICALE,Biologie médicale
ANATOMO-CYTO-PATHOLOGIE,Anatomo-pathologie
ANATOMIE ET CYTOLOGIE PATHOLOGIQUES,Anatomo-pathologie
PATHOLOGISTE,Biologie médicale
MEDECINE GÉNÉRALE,Médecine générale
NEUROTRAUMATOLOGIE,Chirurgie orthopédique et traumatologique
ANATOMIE ET CYTOLOGIE PATHOLOGIQUES,Anatomo-pathologie
ANESTHÉSIE-RÉANIMATION,Anesthésie réanimation
DERMATOLOGIE VENEREOLOGIE,Dermatologie
HÉMATOLOGIE,Hématologie
GYNÉCOLOGIE MÉDICALE,Gynécologie
GÉRIATRIE,Gérontologie
IMMUNO HISTOLOGIE,Immunologie
CHIRURGIE THORACIQUE ET CARDIO-VASCULAIRE,Chirurgie cardiovasculaire et thoracique
CARDIOLOGIE ET MALADIES VASCULAIRES,Cardiologie
DERMATOLOGIE ET VÉNÉRÉOLOGIE,Dermatologie
PARASITOLOGIE ET MYCOLOGIE,Parasitologie et mycologie
ANATOMIE ET CYTOLOGIE PATHOLOGIQUES HUMAINES ET CANCÉROLOGIE,Anatomo-pathologie
GÉNÉTIQUE MÉDICALE,Génétique
MÉDECINE D'URGENCE,Médecine d'urgence
Médecin chirurgie plastique,Chirurgie plastique reconstructrice et esthétique
Chirurgien Maxillo-faciale,Chirurgie maxillo-faciale
Médecin Nucléaire,Radiologie médicale
Biologiste médical,Biologie médicale
Onco-Hématologue,Oncologie
Medecin Nucleaire,Radiologie médicale
nd,
médecin du travail,Médecine du travail
allergologue,Allergologie
Alergologue,Allergologie
Allergologue et Immunologiste,Allergologie - immunologie
HIRURGIE VASCULAIRE,Chirurgie cardiovasculaire et thoracique
ATHOLOGIE CARDIO-VASCULAIRE,Cardiologie
GYNECOLOGIE MEDICALE ET OBSTETRIQUE,Gynécologie
chirurgien orthopédiste,Chirurgie orthopédique et traumatologique
Médecins,Médecine générale
MED. GENERALE,Médecine générale
MEDECIN DOULEUR,Traitement de la douleur
CHIR. UROLOGIQUE,Urologie
CHIR. GENERALE,Chirurgie
ONCOLOGIE-CARCINOLOG.-CANCEROLOG.,Oncologie
CHIR. DIGESTIVE,Chirurgie viscérale et digestive
MED. INTERNE,Médecine interne
RADIO THERAPIE,Radiothérapie
MEDECIN SOIN PALIATIF,Soins palliatifs
ALGOLOGUE,Alcoologie
CHIR. GYNECOLOGIQUE,Gynécologie
MÉDECIN ANESTHESISTE RÉANIMATEUR,Anesthésie réanimation
Médecin anesthésiste,Anesthésie réanimation
NEPHROLOGUE REANIMATEUR,Néphrologie
Infirmier,Infirmier
chirurgie orthopédique et traumatologique,Chirurgie orthopédique et traumatologique
Dermatoloque Pédiatre,Pédiatrie
Dermatologue Allergologue,Dermatologie
CHEF CLINIQUE,Cadre
NEURORADIOLOGUE,Radiologie
MEDECIN ALGOLOGUE,Alcoologie
ANESTHESISTE REA,Anesthésie réanimation
MEDECIN DU TRAVAIL,Médecine du travail
Diététicienne,Diététique
président CME,Direction
ANESTHESIOLOGISTE,Anesthésie réanimation
Medecin EMSP,Soins palliatifs
ANESTHETISTE,Anesthésie réanimation
Sage-femme,Sage-femme
Soins palliatifs en oncologie,Soins palliatifs
Directeur de Recherche INSERM,Recherche médicale
Medecin généraliste,Médecine générale
Interne médecine,Interne
Médecin anesthésiste réanimateur,Anesthésie réanimation
Médecin anesthésiste réanimateur Chef de service,Anesthésie réanimation
CHIRURGIEN Digestif,Chirurgie viscérale et digestive
Médecin anesthésiste réanimateur Chef de Pole,Anesthésie réanimation
Médecin anesthésiste réanimateur chef de service,Anesthésie réanimation
Urgentiste SMUR,Médecine d'urgence
Chef de Pole,Cadre
PH chef de service,Cadre
Médecin anesthésiste réanimateur en Pédiatre,Anesthésie réanimation
Militaire,Médecine militaire
Médecin Urgentiste Anesthésiste Réanimateur,Médecine d'urgence
Médecin Anesthésiste-Réanimateur,Anesthésie réanimation
Médecin Anesthésiste en Gynécologie obstétrique,Anesthésie réanimation
Interne DES Anesthésie,Anesthésie
Médecin généraliste spécialiste en médecine durgence et de catastrophe,Médecine générale
Medecine generale non qualifiee,Médecine générale
Gynecologie-obstetrique,Gynécologie
Sage-femme hospitaliere,Sage-femme hospitaliere
Sage-femme liberale,Sage-femme liberale
Praticien au sein du Service d'Orthopédie Traumatologie,Chirurgie orthopédique et traumatologique
Chirurgien d'Orthopédie,Chirurgie orthopédique et traumatologique
Assistant chirurgien au sein du Service d'Orthopédie Traumatologie,Chirurgie orthopédique et traumatologique
Chirurgien du Rachis,Chirurgie du rachis
PH chirurgien,Chirurgie
Chef de clinique,Cadre
Chef de service au sein du Service d'Orthopédie Traumatologie,Chirurgie orthopédique et traumatologique
chirurgien d'orthopédie,Chirurgie orthopédique et traumatologique
chirurgien de rachis,Chirurgie du rachis
- -,
NON IDENTIFIABLE NON IDENTIFIABLE NON IDENTIFIABLE NON IDENTIFIABLE NON IDENTIFIABLE NON IDENTIFIABLE NON IDENTIFIABLE NON IDENTIFIABLE NON IDENTIFIABLE,
