label,montants,occurences,combo_cluster
,60706.0,39,2
OSTEOMED,2012.0,7,4
medi,33894.0,679,1
NEOSTEO,2744.0,2,4
B. Braun Avitum,88036.0,716,3
HOSPIRA,86433.0,254,3
BRACCO IMAGING,928037.0,3760,3
RESEARCH NOW,41348.0,2166,2
Meda,2024.0,36,3
ALFA WASSERMANN PHARMA,148335.0,4121,2
VOLCANO,1695.0,50,3
CYCLOPHARMA,8943.0,30,3
Merit Medical,6223.0,13,3
SAMSUNG ELECTRONICS,8183.0,192,2
BALT,14503.0,69,3
ArthroCare,5588.0,58,4
LFB BIOTECHNOLOGIES,101591.0,1520,3
HOSPAL,171063.0,1368,3
LISSAC ENSEIGNE,9194.0,43,1
Homeperf,9568.0,13,2
ZAMBON,1058529.0,15274,2
Nobel Biocare Services AG,47495.0,85,4
RESMED,153909.0,1880,2
IMPLANET,19973.0,110,4
Integra,163459.0,1162,4
CORONA MEDICAL,1220.0,30,1
XNOV Distribution,2824.0,58,4
VASCUTEK,526112.0,2608,3
ARGENE,1876.0,13,3
SPECTRANETICS,12560.0,89,3
SEPRODOM REUNION,249.0,9,2
ZOLL Médical,1895.0,79,2
ATOS MEDICAL,69323.0,590,2
NOVO NORDISK,887019.0,10122,2
A.M.I.,15248.0,114,3
SA LANDANGER,8092.0,81,3
EUROPHTA,66505.0,996,1
ASPIDE MEDICAL,111514.0,476,2
AGIR à dom Assistance,15025.0,144,2
DJO,99359.0,3883,1
ALK,1800.0,51,0
KOMET,2332.0,92,4
SM EUROPE,2873.0,35,1
ADDMEDICA,47476.0,322,2
FUJIREBIO,602.0,1,0
AFFINITES SANTE,7086.0,53,2
KYD ORTHOPEDIE,23287.0,263,4
CLARINS,10563.0,3,1
INTERMUNE,148752.0,1200,2
LABORATOIRE NORDIC PHARMA,,31,3
Bayer HealthCare,3139959.0,27482,2
Theramex SAM,1064113.0,14053,2
ROTTAPHARM,743583.0,6723,2
MENARINI,1382106.52992,15000,2
NEWCLIP TECHNICS,17500.0,27,4
OPIA TECHNOLOGIES,736.0,5,1
ST JUDE MEDICAL,3187961.0,10668,3
ELEKTA,14698.0,36,2
SOFIBEL,1445.0,17,3
SPIRIG,8244.0,105,1
IDEC 56,180.0,6,2
3M,135203.0,3573,4
PHYSIOMED,38101.0,89,3
MEDISPORT,1181.0,25,1
ALLERGAN,2662897.0,23618,1
Biomarin,15555.0,104,3
EDITION DE L'INTERLIGNE,10716.0,181,3
MERCK SERONO,607248.0,7747,2
XNOV,7293.0,46,4
L'OREAL S.A.,4190.0,41,1
PGRD,23.0,1,3
CHEMO S.A.,3800.0,3,1
Beaver-Visitec Int'l Sales,1166.0,25,1
Mdoloris Medical Systems,7437.0,2,3
ASTELLAS PHARMA,4344532.0,24322,2
ADLER ORTHO,,7,4
DIABSANTE,4000.0,2,3
Otsuka  Pharmaceutical,1304521.0,15746,2
PECH CERCIAT,96577.0,4580,1
Octapharma,248669.0,333,3
EXPANSCIENCE,409196.0,4429,2
RANBAXY PHARMACIE GENERIQUES,132514.0,402,1
PROBACE VAR,19.0,1,3
ETHICON,944056.08017,6772,1
HEMA.T MEDICAL,2401.0,14,3
Merck Medication Familiale,5736.0,111,1
ALPINE SCIENTIFIC,4069.0,3,3
SPINEWAY,58.0,5,3
PRECIPHAR,65768.0,1699,2
PHADIA,88006.0,1746,2
LABORATORY IMPLANT MEDICAL DEVICE,3900.0,3,4
GC,3818.0,143,4
ALAIN AFFLELOU FRANCHISEUR,18449.0,231,1
MEDICAL INNOVATION DEVELOPPEMENT,110701.0,438,3
OrpheliPharm,3661.0,40,3
Axess Research,,196,2
Orphan,26755.0,179,3
IMS Medical Radar,,109,2
CELGENE,1355656.0,7106,3
MINVASYS,3206.0,56,3
GENEVRIER,429632.0,4964,2
MICROVAL,1986.0,7,3
MOLNLYCKE HEALTH CARE,126016.0,3423,1
SBM,3261.0,43,4
CIS BIO,16245.0,140,3
Dexter,43826.0,231,4
GANDHOUR,1128.0,25,1
WorldOne Group,,310,2
SOPRO ACTEON Group,2374.0,7,4
CHIESI,1363289.0,19679,2
ARGON MEDICAL DEVICES,5228.0,158,3
DDS Assistance,833.0,51,2
DERMSCAN,,7,1
IVTEC (Iol Vision Technology),10323.0,66,1
AMPLITUDE,174971.0,784,4
CRISTALENS,115290.0,443,1
IXAIR ASSISTANCE,3132.0,48,2
BIOTECH ORTHO,26488.0,78,4
ORIGIO,37149.0,194,2
STRYKER,176056.0,889,4
INTERVASCULAR,3927.0,9,3
ALISEO,35465.0,266,3
AUDITION CONSEIL,4964.0,2,5
MV3,520.0,4,2
Mauna Kea Technologies,79920.0,194,3
KARL STORZ ENDOSCOPIE,35650.0,170,3
GILEAD SCIENCES,1459288.0,7088,3
QUERYO MEDICAL,81.0,2,3
IPSEN,2946818.0,49033,2
PRODUITS DENTAIRES PIERRE ROLLAND,181989.0,556,4
NordiMED ApS,,1,1
SYSMEX,88745.3201132,958,3
VIVACTIS M2RESEARCH,,531,3
FOURNITURES HOSPITALIERES,398454.0,2435,4
FCI,153768.0,1385,1
ALLP MEDITEC,824.0,15,2
LKN MEDICAL,280.0,10,3
Edwards,173641.0,1617,3
PACKAGE,2897.0,66,3
SANTELYS ASSIOCIATION,59167.0,91,2
THUASNE,25731.0,1111,1
WELLSPECT HEALTHCARE,94547.0,737,1
Abiomed,15437.0,67,3
TORNIER,1435497.52846,5824,4
CAREFUSION 309,3024.0,52,3
PHOCEENNE D'ORTHOPEDIE,965.0,9,4
DEFI ORTHO,159.0,5,4
TERUMO S.A,369225.0,1867,3
UNITHER DEVELOPPEMENT BORDEAUX,,10,4
AX AIR MEDICAL,57025.0,53,3
SAM TECHNI-PHARMA,4862.0,49,2
MEDTRONIC,3526926.0,31544,3
DES GRANIONS,16492.0,764,1
Merz,1202.0,57,1
OptiMed,68806.1999998,355,3
ImmunoDiagnostic Systems,1060.0,18,3
BOIRON OCEAN INDIEN,879.0,55,1
RECKITT BENCKISER,21506.2799587,439,2
FX SOLUTIONS,362.0,2,4
EXAFIELD,,168,2
Orion,4888.0,4,3
INSTITUT GEORGES LOPEZ,45130.0,54,2
ZYDUS,26934.0,142,1
VITALAIRE,1481427.0,7073,2
Nestlé Clinical Nutrition,1802.0,50,3
LFB BIOMEDICAMENTS,450475.0,2669,3
ARROW GENERIQUES,81814.0,1593,1
Cardim@t,43917.0,247,3
GROUPE LEPINE,36034.0,124,4
PRODIS,2601.0,58,1
INSTRUMENTATION LABORATORY,99114.2000351,335,3
SATELEC,55570.0,229,4
MASIMO,2893.0,95,3
BAUSCH LOMB,134967.0,1062,1
RUNESCENCE,2621.0,6,2
Therabel,1098.0,47,3
Codexial Dermatologie,8019.0,221,1
RE-IMAGINE Health Agency,28015.0,90,3
HYPHEN BIOMED,1380.0,2,3
DUOTECH,9225.0,12,4
MICRO-MEGA,22651.0,46,4
Carefusion,5450.58999538,37,3
BIOCODEX,795680.0,11666,2
THERADIAG,77.0,4,3
BAYER,1469112.0,5149,2
The Medicines Company,29079.0,358,3
THE BINDING SITE,10663.0,216,3
GE Medical Systems,278407.0,3268,3
W L GORE & ASSOCIES,45578.0,334,3
DEPUY,133011.77005,720,4
MAQUET,518079.0,3403,3
MEDEXACT,112940.0,5753,2
SomnoMed,3796.0,23,2
CORMOVE,534.0,42,3
Sobi,1495.0,7,2
VECTEC,826.0,16,3
NEOS,4234.0,33,4
PAREXEL,41745.0,73,3
ConsuMed Research,136950.0,1119,3
THERADIAL,356986.0,2999,3
Stryker Leibinger,19414.0,23,4
C2F IMPLANTS,3916.0,110,4
NANOBIOTIX S.A.,2327.0,10,3
BIOPROJET,,63,2
FLORALIS,,42,1
ESAOTE FRANCE,2129.0,10,3
PROBACE MEDITEC,1539.0,64,3
INTUITIVE SURGICAL,147302.0,1586,2
HEMODIA,2217.0,68,3
MEDIVAL OUTRE-MER,897.0,29,3
CARL ZEISS MEDITEC,207750.0,505,1
Vibrant Med-El,35929.0,125,5
HANDI PHARM OCEAN,117.0,6,0
OST DEVELOPPEMENT,3174.0,96,4
OCEAN TERRE BIOTECHNOLOGIE,5395.0,8,1
TELEFLEX MEDICAL,21983.0,186,3
galderma international,103584.0,1613,1
ALERE,1706.0,75,3
Varian Medical Systems,1318.0,28,3
MEDAC,11020.0,11,3
STETHOS,,24,2
CVRx,578.0,8,3
EFFIK,312957.0,8162,2
LABORATOIRE CHAUVIN,139744.0,1507,1
SIRONA DENTAL SYSTEMS,9863.0,303,4
YPSOMED,9951.0,385,1
NESTLE HOMECARE,45752.0,524,3
BIOM'UP,4985.0,15,3
WRIGHT MEDICAL,904.0,18,4
Rodenstock,5729.0,147,1
SUPERSONIC IMAGINE,11273.0,47,3
SANTE PLUS,13718.0,11,2
Biofortis,529.0,4,3
LINDE,5863.0,100,3
HERAEUS KULZER,6904.0,252,4
A.MENARINI Diagnostics,3906.0,45,3
AUVEX,2273.0,205,1
AUDITION SANTE,85889.0,1277,2
alliance healthcare repartition,7249.0,263,1
SCHWA-MEDICO,676.0,3,1
PHILIPS,264302.620001,2376,3
Cook Medical Ireland,1397.0,15,3
Sirtex Medical,403.0,16,3
ARCHIMEDES PHARMA,197714.0,3122,3
ITEC SERVICES,,3,1
AUDIKA HARDOUIN,152994.777771,93,2
Iris Pharma,,1,1
FUJIFILM Medical Systems,99447.0,971,3
NICOX,460.0,16,1
PEROUSE MEDICAL,252886.78998,1358,3
GRUNENTHAL,1039818.0,17056,2
PALL,17765.0,210,3
RNP SANTE,573.0,5,0
InnOpath,2094.0,4,3
BioAlliance Pharma,1662.0,38,3
NIPRO,142661.0,1179,3
ICOMED,1735953.0,69920,2
NUTRICIA Nutrition Clinique,81793.0,805,3
CHUGAI PHARMA,965235.0,3371,3
PFIZER,5340533.0,56434,2
KEOCYT,114640.0,113,3
IDS FRANCE,405.0,1,2
APARD,281128.0,72,3
Health Advances,3633.0,15,3
Lohmann & Rauscher,69965.0,1158,1
DIAGNOSTICA STAGO,49279.0,409,3
AMS 70,137.0,2,0
PIERRE FABRE,3587482.0,67322,2
CEPHALON,3799.0,113,1
WEINMANN EMERGENCY,4477.0,6,2
ASTON MEDICAL,105119.0,883,4
LUNODIA,704.0,33,3
BSN-RADIANTE,60032.0,2094,1
ONXEO,60.0,2,3
NORDIC PHARMA,44291.0,612,3
Olympus Biotech,1641.0,32,4
OCD,156797.430025,1371,1
Second Stage Pharma,,57,2
NIGY,16098.0,352,1
SEM,3533.0,72,4
PHENIX CARDIOLOGIE,58925.0,228,3
SANOFI,7012612.47004,126035,2
ALMIRALL,35161.0,281,2
IMPLANTS SERVICE ORTHOPEDIE,2626.0,69,4
Nobel Biocare Russia LLC,8288.0,11,4
PROTHEOS,525237.0,1235,4
CORREVIO,17485.0,398,3
NOVASTEP,2876.0,11,4
Transgene,379.0,16,3
GAMBRO HOSPAL,202368.0,1868,3
BOIRON CARAIBES,24448.0,752,2
ORMCO,117463.0,344,4
BOEHRINGER INGELHEIM,4838641.0,77724,2
Cook,123433.0,2482,3
GUERBET,3565039.0,10740,3
UNIVERSAL MEDICA,5068.0,127,1
Johnson et Johnson Santé Beauté,73933.0,1612,4
ABBOTT,1175471.3982,17858,3
ORTHO CLINICAL DIAGNOSTICS,39758.0,591,1
SYMBIOS ORTHOPEDIE SA,,1,4
Siemens Healthcare Diagnostics,9535.0,147,3
SHIRE S.A.,363504.0,2652,3
Bailleul,9926.0,245,1
Astellas,56532.5500011,369,3
In2Bones,381.0,15,4
MEDITOR,118575.0,936,3
GILBERT,18550.0,27,1
APTALIS PHARMA,110805.0,1710,2
THORATEC,41451.0,174,3
Medtech,1443.0,11,3
PUBLICIS LIFE BRANDS,2680.0,6,3
COOPERVISION,173243.0,2946,1
Centre de stomathérapie,182.0,3,0
ViiV HEALTHCARE,665873.0,4665,3
EFFICARE,716.0,32,2
SERVIER,13315394.0,151869,2
TERUMO,43104.0,432,3
ADEP ASSISTANCE,11959.0,82,3
3S ORTHO,13831.0,86,4
S2A SANTE,2599.0,41,3
AMERICAN MEDICAL SYSTEMS,299158.0,1039,2
NORGINE PHARMA,66881.0,714,3
Vertex Pharmaceuticals,13108.2479534,225,3
Essilor,100431.0,2605,1
Alizé Santé,51151.0,151,0
Cooper,457.0,20,3
horus pharma,132286.0,2278,1
EOLIS SANTE,1649.0,11,0
LABCATAL,100810.0,1627,1
BY AGENCY GROUP,1113.0,5,0
Vifor Pharma,1537.0,68,3
colgate palmolive,79994.0,3182,4
CONVATEC,569311.710007,12091,1
gn hearing,129811.0,1290,5
COVIDIEN IMAGING,6243.06999683,185,3
LEICA MICROSYSTEMES,5535.0,10,1
ORTHO JET,62198.0,312,4
DIASORIN,51835.0,521,3
DIXI microtechniques,628.0,5,3
DGA,59672.0,724,3
BIOMATLANTE,11040.0,9,4
EUROS,51401.0,114,4
SIGVARIS,148472.0,4782,1
MD ORTHO,45370.0,248,4
AIR LIQUIDE,32308.0,161,3
LENTILLES,8099.0,47,1
ATO Zizine,770950.0,3224,4
GENERIC IMPLANTS,77.0,4,4
C@RDISTIM,46613.0,218,3
COUSIN BIOTECH,9713.0,35,3
INNOTECH INTERNATIONAL,732.0,10,1
RB Pharmaceuticals,306970.0,2196,2
AMS 25,3834.0,19,2
THERAKOS,2540.0,58,3
IPSEN INNOVATION,2519.0,23,2
Norgine,563.0,15,3
Bastide Le Confort Médical,104007.0,289,3
ROCHE DIAGNOSTICS,738879.0,8713,1
INSTITUT STERLING COOPER,,4,3
PROSTEEL,396.0,10,3
RAPTOR PHARMACEUTICALS,16999.0,197,3
MERZ PHARMA,1212293.0,7760,1
GLocal Mind,540.0,36,3
BIOTEST AG,1220.0,5,3
Advanced Accelerator Applications,18587.0,47,3
BIOMET,610446.0,5948,4
FRESENIUS KABI,144780.0,2069,3
GRIFOLS,4078.0,120,3
Inter-View Partners,,44,3
BAUERFEIND,3562.0,133,1
Devicor Medical,10961.0,18,3
TONIPHARM,5480.0,116,2
SOS MEDICAL,5288.0,9,3
Kreussler pharma,15760.0,16,1
RMO EUROPE,39158.0,573,4
larm-o-tec,428.0,11,1
Springer Science Business Media,3221.0,3,3
GN OTOMETRICS,778.0,32,5
HEXACATH,649271.679619,1702,3
JANSSEN CILAG,8956129.0,86225,2
VEXIM,251395.0,1645,3
MAPI,,89,1
INSTITUT MERIEUX,1541071.0,37,3
GaldermaQMed,89333.0,629,1
INNOTHERA,108255.0,4202,1
PASCALEO,,234,2
BioHorizons Iberica S.R.L.,18.0,1,4
UCB Pharma,488460.0,5849,3
AUDIOMEDI,15969.0,488,5
NPS Pharma,719.0,9,3
NOVARTIS SANTE FAMILIALE,14550.0,112,1
CSL BEHRING,334602.0,601,3
SYMBIOS,86616.240036,290,4
SPINEGUARD,10708.0,25,4
PSI CRO,23660.0,69,3
EXACTECH,47314.0,390,4
DRAGER MEDICAL,124979.0,550,3
All Global,,1513,2
EUMEDICA,159427.0,371,3
MYLAN,494772.0,12210,1
EDWARDS LIFESCIENCES,2105010.0,13018,3
Hartmann,272.090000153,12,1
LA DIFFUSION TECHNIQUE FRANCAISE,4371.0,27,3
AIR DOMICILE,2100.0,44,0
arard,10390.0,15,3
Bioderma,204990.0,127,1
Conceptus,21595.0,191,1
WELEDA,18452.0,273,1
OTSUKA,105293.0,1344,2
BIOGEN IDEC,2195035.0,21102,3
VOLUNTIS,50.0,1,3
IMACCESS,4479.0,72,3
Ophtalmic Compagnie,17509.0,443,1
MATHYS ORTHOPEDIE,145741.0,784,4
GE HEALTHCARE,433468.339,2299,3
Fresenius,149350.0,1797,3
HD MEDICAL,5434.0,75,3
DINNO SANTE,181030.0,1151,2
GIFRER BARBEZAT,,3,1
mark'ennovy,6547.0,115,1
HEMOTECH,599490.0,1404,3
DERMATOLOGIQUES URIAGE,75043.0,406,1
INTEGRAL ORTHO,31433.0,122,4
Agfa HealthCare,30546.0,242,3
SOPHYSA,23316.0,101,3
AXDOM VAR,2621.0,70,3
ELIA MEDICAL,3738.0,73,0
Genactis,,85,2
MEDICAL BEL AIR,17666.0,80,2
MEDACTA,173031.0,1222,4
ADIRAL Association d'Aide aux Traitements à Domicile,1121.0,12,3
CAIR LGL,1322.0,34,3
ESAOTE Medical,24753.0,52,1
STALLERGENES,1167143.0,6320,0
DIS PAR,,3,2
HEALTHCAREGEN COMMUNICATION,,1039,1
Vital Images,482.0,8,3
ASSISTANCES MEDICALES SPECIALISEES,39016.0,562,0
Biosensors,250121.0,1084,3
GAMBRO,99152.0999813,605,3
UNILEVER,571.0,7,1
ALAIR & AVD,495.0,16,4
OCP REPARTITION,134422.0,3270,1
ACTELION,1227449.0,8472,3
ASDIA,15645.0,188,3
INNOGENETICS,1914.0,14,3
SNC LCA,19513.0,25,1
AIR SANTE,2127.0,30,0
Laboratoire français du Fractionnement et des Biotechnologies,144202.0,18,3
MALLINCKRODT,34171.539999,240,3
ARJOHUNTLEIGH,1900.0,73,3
Grey Healthcare Paris,7764.0,46,0
Gilead,2977.0,107,3
Alcimed,,10,3
SEPTODONT,704607.0,3955,4
BARD,1942333.0,9833,3
ASAHI INTECC,24.0,1,3
Lilly,2918125.0,36385,2
OTR3,59.0,2,1
GENEURO,917.0,2,3
MENE ET MOY,31349.0,1304,1
NEGMA,,2,3
BOIRON,602467.0,16235,1
GROUPE SEBBIN,12705.0,204,1
ICTA PM,,83,1
PETERS SURGICAL,39761.6799812,226,3
VIROPHARMA,39733.0,459,0
ACTAVIS,2574.0,40,3
SANTEN,1766.0,56,1
PRIMAX,3803.0,97,3
cardipulse,6475.0,42,3
Elixo,,71,1
Prodition,55349.0,1331,5
Laboratoier Innotech international,297.0,15,0
KARUKERA AUDITION,10290.0,6,0
GLAXOSMITHKLINE,9978716.0,161686,0
PRODAREV,4342.0,56,3
PROFIL ORTHOPEDIE,12491.0,242,4
STEPHANIX,833.0,2,3
EVOLUTIS,40937.0,244,4
VIVACY,200136.600143,484,1
ELIAMM,10170.0,69,3
EISAI,99005.0,1983,3
GENEURO INNOVATION,660.0,1,3
IPSEN PHARMA,625682.0,7607,0
COUSIN BIOSERV,122400.0,947,3
e(ye)BRAIN,180.0,4,1
SANDOZ,636220.0,3692,3
PHONAK,64750.0,1887,5
COLOPLAST,599582.0,7748,1
FISHER & PAYKEL HEALTHCARE,9339.0,114,0
MAVALA,708.0,4,1
WEINMANN,1085.0,38,0
RADIANTE,22250.0,1080,1
LEMAITRE VASCULAR,79420.0,418,3
PHYSIOL,206588.0,917,1
GENOMIC HEALTH,321.0,15,3
Amplifon Groupe,420773.0,1291,0
CIZETA MEDICALI,4464.0,157,1
PROTHEOS INDUSTRIE,,3,4
NIDEK,29614.0,245,1
CAPRON PODOLOGIE,2550.0,255,2
CTRS,10554.0,6,3
ASTRAZENECA,7385564.0,158639,0
NOVATECH,45492.0,12,3
Scope,3770.0,5,0
B3TSI,,157,0
GXEL MEDICAL,737.0,37,3
OPHTACOM,3921.0,120,1
Penumbra,5420.0,60,3
CELONOVA BIOSCIENCES OF EUROPE,50256.0,93,3
TRB CHEMEDICA,167694.0,2483,1
HOSPIDOM,2193.0,33,3
OXOID,787.0,4,1
NORAKER,7300.0,22,4
SINCLAIR PHARMA,41731.0,392,1
HOYA Surgical Optics,89227.0,280,1
BIOTECH DENTAL,9364.0,146,4
PHOENIX PHARMA,2618.0,78,1
Asept InMed,6275.0,30,3
COUSIN ENDOSURG,21882.0,111,3
CARMAT,10698.0,86,3
OXYPHARM,11598.0,357,1
ARKOPHARMA,64650.0,1394,1
DEBREGEAS ET ASSOCIES PHARMA,6150.0,3,0
ORTHO UNION,8948.0,38,4
BRAHMS,27568.3640194,284,3
DIAXONHIT,17244.0,47,3
GLOBAL D,126526.0,1858,4
COSMETIQUE ACTIVE,815274.799999,11626,1
AMC APPAREILLAGE ET MATERIEL DE CARDIOLOGIE,10199.0,126,3
M3 Global Research,,114,3
H.A.C.Pharma,19895.0,330,3
NUXE,13557.0,375,1
Topcon,10921.0,65,1
Genzyme,1306349.0,6357,3
IXXI,1916.0,101,1
CERAVER,253564.0,595,4
Immucor,118.0,5,3
DENTSPLY,200724.0,2160,4
Tutogen Medical,,1,4
ABBOTT PRODUCTS,199373.0,4313,0
SANOTEK,14111.0,39,1
PREVOR,20295.0,111,1
THEA,550647.0,3673,1
EUROFINS OPTIMED,105947.0,34,1
Smith & Nephew,760956.0,5534,4
EVALYS,22790.0,95,4
QIAGEN,12585.0,334,3
HERAEUS,11428.0,49,4
GIVEN IMAGING,36240.0,209,3
EOS IMAGING,30754.6101894,118,3
Innothera Services,110.0,9,1
SDI Dental,162.0,4,4
EG LABO,4263.0,140,1
TEM-France,1013.0,14,3
American Orthodontics,8499.0,243,4
Ophta-France,115388.0,534,1
PHARMA DOM,646928.0,3401,0
RIVORTHO,445.0,6,4
BIO-RAD Laboratories,283.0,9,3
EREMPHARMA,2185.15000153,34,3
GALDERMA,314524.0,1979,1
OBL,28871.5,35,1
ENDOLOGIX,56773.0,222,3
LifeCell EMEA,9430.0,155,3
ACIST,1528.0,23,3
LINDE HOMECARE,12865.0,250,0
SEPROPHARM,16100.0,402,3
ROCHE,4355408.0,22331,3
IPRAD PHARMA,35819.0,890,1
Sage Products LLC,1154.0,29,3
GIBAUD,58892.0,2119,1
GRIMBERG,388.0,20,0
ASSISTANCE DU GRAND EST,2114.0,81,3
GAMIDA,127383.25,629,3
DDB Health,,9,3
SOS OXYGENE,379967.0,1165,0
ADVANCED BIONICS,74218.0,280,5
BRISTOL-MYERS SQUIBB,2439293.0,45960,0
Crinex,4861.0,239,0
Galderma Research & Development,719.0,4,3
PRED,55891.0,233,4
TEVA PHARMA,2328334.0,34123,0
COVIDIEN,527565.0,6441,3
Diamed,1827.0,43,3
JALDES,44019.0,2554,1
Beiersdorf s.a.s,9232.0,208,1
NODEA MEDICAL,425.0,4,3
Agence Conseil 3P,222.0,9,4
AXONAL,,24,0
Medicare-HTM,216908.0,473,1
SCIENCE ET MEDEDINE,144822.0,1089,4
PAUL HARTMANN,69412.0,1017,1
ALCON,552936.310059,4934,1
Audika Groupe,3725.0,72,0
SIEMENS AUDIOLOGIE,52927.0,1471,5
MICROVENTION,451120.0,2252,3
TOSHIBA MEDICAL,96421.0,701,3
B.BRAUN,506461.66996,3254,3
AGUETTANT,18451.0,411,3
Zeste Research,,19,3
AUDIOPTIC TRADE SERVICES,136215.0,241,1
Applied Medical,5871.0,41,3
Warner Chilcott,674.0,22,3
BSN medical,4465.0,133,1
TOSOH EUROPE,773.0,25,3
PPD,51.0,145,3
KRKA EURL,1911.0,582,1
Zimmer,516910.0,8031,4
PHARMATERA,95945.0,3478,0
22 Juillet Conseil,,6,0
Karl Storz Gmbh and co KG,3606.0,5,4
SADIR ASSISTANCE,6217.0,47,0
SCIENT'X,7399.0,32,3
SPINEVISION,13213.0,136,3
FERRING,394629.0,2958,0
PROSTRAKAN PHARMA,130199.0,1872,3
MORIA S.A.,478.0,13,1
PHARMA 2000,27284.0,20,4
BIO-RAD,25937.0,158,3
MEDICREA,90295.0,332,3
COOPERATION PHARMACEUTIQUE FRANCAISE,2791.0,81,1
MED OUEST,56308.0,296,4
ARAIRCHAR,6140.0,18,0
Buhlmann,1089.0,1,3
BECKMAN COULTER,23343.0,397,3
NOVATEST,204.0,17,4
ORTHOFIX,11667.0,386,4
PROXILIO,3125.0,70,0
AUDIOCONSULTING,19015.0,45,0
LION / SENECA AUDIO,7022.0,72,0
DAIICHI SANKYO,4807381.0,47850,0
EUSAPHARMA,120251.269981,1029,3
RENAUDIN,214662.0,30,2
A A,,20159,0
HOLOGIC,40980.0,234,0
SIEMENS,40889.0,435,3
AEPODIA SA,,73,3
MICROPORT ORTHOPEDICS,997.0,25,4
ARTHREX,378958.0,1432,4
COLLIN,16969.0,137,0
Brainlab,20140.0,35,3
SUPER DIET,1243.0,58,1
BD,25549.0,387,1
RADIOMETER,15819.0,70,3
ORTHOPLUS,1287.0,50,4
FRESENIUS MEDICAL CARE,1292306.0,9516,3
ASPIDE AESTHETIC,6848.0,31,1
ICON CLINICAL RESEARCH,10864.0,229,3
Biosphere Medical,3068.0,77,3
NOVARTIS VACCINES AND DIAGNOSTICS,124266.450045,1274,0
ABS-BOLTON MEDICAL,73707.0,276,3
MUNDIPHARMA,3190557.0,34216,0
SUD OUEST ORTHOPEDIE,14200.0,133,4
GAMBRO INDUSTRIES,179.0,5,3
LVL MEDICAL,437310.0,2032,0
CCD,19524.0999985,471,1
AtriCure,2348.0,29,3
ALTER,1723.0,42,1
ABBVIE,2794401.90257,27498,3
Stryker Trauma,5484.0,14,4
MEDICONSEIL,9495.0,55,4
MANTARAY,22126.0,176,3
TBWA\ADELPHI,,1,2
LIVE ! BY GL EVENTS,35329.0,510,3
CENTRALE DES PEELINGS,38957.0,2252,1
WIDEX,74949.3199806,610,5
CONGRES COLLOQUES CONVENTIONS,104390.0,3300,0
Eole santé,4661.0,6,0
ALMUS,1965.0,59,1
B.R.A.,160770.0,959,4
CLARIANCE,26395.0,64,3
ECHOSENS,197229.0,23,3
VITALITEC,56462.3799839,709,3
ARAIR Assistance,95020.0,156,0
VERBAL,652.0,26,1
JULIUS ZORN GMBH,13817.0,161,1
MAYOLY SPINDLER,309337.0,6276,0
ARIAD Pharmaceuticals,90879.0,355,3
EDAP TMS,87185.0,500,0
HOLLISTER,215275.0,2487,1
SYMATESE,337.0,5,1
SVR,11962.0,246,1
Kantar Health,,64,0
SIGMA TAU,2388.04000092,129,3
Bisico,25409.0,21,4
ADIR ASSISTANCE,2708.0,9,3
INNATE PHARMA,2858.0,35,3
Adept Field Solutions,5950.0,39,3
RECORDATI,2212017.0,40014,0
LDR Médical,85482.0,418,3
Laboratoire du Dermophil Indien,,4,3
THERABEL LUCIEN PHARMA,256454.0,5069,0
Ivoclar Vivadent,8355.0,210,4
SAFE ORTHOPAEDICS,2890.0,73,3
BROTHIER,60740.0,554,3
TAKEDA,2252585.0,40299,0
Leurquin Mediolanum,99109.0,4985,0
DLMEDICAL,1524.0,23,4
SYSTAGENIX WOUND MANAGEMENT,5941.0,50,4
SOCIETE LIMA,,26,4
URGO,186160.299952,5697,1
MARIE AMELIE LENOIR CONSULTING - VICTA CONSEIL,20.0,1,3
laboratoire de correction auditive de dijon,446.0,6,0
PENTAX MEDICAL,103.0,4,3
FH ORTHOPEDICS,717644.990138,3988,4
SYNAPSE SANTE,450.0,1,3
PEROUSE PLASTIE,26065.8000031,77,1
IP Santé domicile,53814.0,69,0
BIOTRONIK,770443.0,3570,3
Kimberly-Clark,12179.0,34,3
CANAL 55 COMMUNICATION,,24,3
ETHYPHARM,210.0,2,0
CORDIS,108576.269981,636,3
KCI MEDICAL,18150.0,554,3
STENTYS,9090.0,71,3
MEDA PHARMA,406436.700024,5307,0
AMO,168105.0,2381,1
VIGIE Pharma,,24,0
laboratoire BAUSCH&LOMB,57105.0,920,1
STARKEY,133230.0,996,5
SERF,30878.0,255,4
GRAFTYS,5785.0,21,4
SAS ORTHO OUEST,3699.0,46,4
SERB,10985.0,22,1
VITALEA MEDICAL,160.0,4,3
AUDIKA,504432.0,380,0
BOSTON SCIENTIFIC,1895210.0,8611,3
DÜRR DENTAL,1107.0,28,4
medwork,2529.0,28,3
Swedish Orphan Biovitrum,16020.0,207,3
CHAUVIN,127164.0,1691,1
DENSMORE,122337.0,776,1
MEDCARE,2576.0,4,3
ARCOS,71989.0,169,4
OMEGA PHARMA,155742.0,8722,1
SYNTHES,290516.0,1847,4
Dentsply Gac,45368.0,338,4
HANDI PHARM POITOU,345.0,16,1
ORTHOPAEDIC & SPINE DEVELOPMENT,18004.0,119,4
PRA,,1,0
LOL PHARMA,,779,1
Baxter,83530.0,279,3
ASPEN,38169.0,1077,0
Accuray,48011.0,181,3
ARION,6138.0,111,1
OLEA MEDICAL S.A,4424.0,27,3
STENTYS S.A,2524.0,43,3
Cyberonics,167364.0,1835,3
BIOMERIEUX,244317.0,1037,3
SONATINE,839.0,32,3
TETRA MEDICAL,1053.0,46,1
HANDI PHARM,58.0,4,1
VIFOR,227093.0,3787,3
MEDLINE,1655.0,42,3
ORPHAN EUROPE,13232.0,149,3
NOBEL BIOCARE,266221.0,1256,4
OSTEAL MEDICAL,132170.0,487,4
ADAIR,3651.0,23,0
Hansen Medical,28690.0,12,3
GEDEON RICHTER,119792.0,2142,0
KISCO,33502.0,134,3
Insight Research Group,,1,1
LASER,,160,0
BIOVENTUS,1107.0,34,4
ANTHOGYR,78215.0,790,4
ProClinica,,15,3
Audition Martin,4812.0,8,0
IMAGO RESEARCH,,8,1
CEREPLAS,44451.0,107,1
ISIS,224407.0,1081,0
SPECTRUM PHARMACEUTICALS,6742.0,185,3
TEOXANE,40654.0,307,1
BIOPROJET PHARMA,24907.0,188,3
HRA PHARMA,8151.0,157,0
SMITHS MEDICAL,22008.0,204,3
INGEN,16477.4800301,96,3
Carilène,100.0,2,1
MENICON,31765.0,588,1
AGFA Healthcare Imaging Agents,277.0,8,3
Renishaw Mayfield,908.0,4,3
CROMA,128672.0,698,1
CENDRES METAUX,39.0,2,2
Medela,1024.0,14,3
JUVISE PHARMACEUTICALS,2426.0,68,0
ALSANZA,90.0,3,1
R SUD MEDICAL,81088.0,146,0
IMS HEALTH,776.0,127,0
OTTO BOCK SNC,297.0,3,1
EPISKIN,528.0,2,1
LUNDBECK,5822948.0,58921,0
Straumann,100742.0,1248,4
DIAGAST,4610.0,96,3
Archimedes,6750.0,293,3
NOVARTIS PHARMA,18291626.0,143605,0
LEHNING,7602.0,30,1
PACIMED,44.0,1,3
OLYMPUS,21863.0,195,3
LEO,8696.0,249,1
BIO-RAD SNC,23315.0,78,3
FIMED,34.0499992371,1,3
SANOFI PASTEUR,682156.0,8597,0
Doliage,12484.0,273,1
inneov SNC,50.0,1,1
COVANCE,,1,3
Transystème,5860.0,27,4
CENTRALE DES OPTICIENS,7500.0,2,5
HENRY SCHEIN SCA,54025.0,884,4
ELITech,6263.0,44,3
THERMO ELECTRON,3713.0,29,3
HORMETA,876.0,29,1
AADAIRC,15975.0,135,3
PERF NUT ASSISTANCE,3951.0,3,0
MARINA,187.0,4,0
MSD,8105093.0,180854,0
GADOL OPTIC 2000,77346.0,548,1
Schulke,3723.0,50,4
Arthritis Fondation Courtin,,2,3
MEDARTIS,13442.0,75,4
SORIN GROUP,934484.0,5454,3
CONMED,2679.0,39,4
Becton Dickinson,128809.0,1812,1
VYGON,78128.0,680,3
ALK-Abello,2146637.0,11142,0
Kavo Dental,14787.0,44,4
Cochlear,64653.0,482,5
GIE DIALYSE SERVICES,11524.0,106,3
Alexion Pharma,231358.0,873,3
BESINS,58590.0,1684,0
Small Bone Innovations,86322.0,921,4
AMGEN,3117347.0,25654,3
Sequent Medical,14325.0,71,3
BIOGARAN,1608910.0,11675,1
MACO,27128.0,58,3
BEST OF OPTIMIZERS,7800.0,44,0
MEDIOUTREMER,1579.0,43,0
ICARE,16675.0,123,0
FLUOPTICS,2417.0,12,3
SUNSTAR,9045.0,292,4
HOYA LENS,368.0,4,1
CEPHEID,30985.0,138,3
NOVEX PHARMA,627397.0,2013,3
PROCTER & GAMBLE,96295.0,700,4
GEISTLICH PHARMA,43449.0,101,4
Ultradent Products,20237.0,255,4
Prostrakan,20542.4300041,585,3
chris eyes,6133.0,131,1
LEO PHARMA,1510768.0,17470,0
HILL-ROM S.A.S.,3411.0,84,0
SHIRE,589639.0,2710,3
EUROSILICONE,67650.0,835,1
Cerus Corporation,5905.0,12,2
SWING TECHNOLOGIES,7771.0,30,3
