label,montants,occurences
,60706.0,39
OSTEOMED,2012.0,7
medi,33894.0,679
NEOSTEO,2744.0,2
B. Braun Avitum,88036.0,716
HOSPIRA,86433.0,254
BRACCO IMAGING,928037.0,3760
RESEARCH NOW,41348.0,2166
Meda,2024.0,36
ALFA WASSERMANN PHARMA,148335.0,4121
VOLCANO,1695.0,50
CYCLOPHARMA,8943.0,30
Merit Medical,6223.0,13
SAMSUNG ELECTRONICS,8183.0,192
BALT,14503.0,69
ArthroCare,5588.0,58
LFB BIOTECHNOLOGIES,101591.0,1520
HOSPAL,171063.0,1368
LISSAC ENSEIGNE,9194.0,43
Homeperf,9568.0,13
ZAMBON,1058529.0,15274
Nobel Biocare Services AG,47495.0,85
RESMED,153909.0,1880
IMPLANET,19973.0,110
Integra,163459.0,1162
CORONA MEDICAL,1220.0,30
XNOV Distribution,2824.0,58
VASCUTEK,526112.0,2608
ARGENE,1876.0,13
SPECTRANETICS,12560.0,89
SEPRODOM REUNION,249.0,9
ZOLL Médical,1895.0,79
ATOS MEDICAL,69323.0,590
NOVO NORDISK,887019.0,10122
A.M.I.,15248.0,114
SA LANDANGER,8092.0,81
EUROPHTA,66505.0,996
ASPIDE MEDICAL,111514.0,476
AGIR à dom Assistance,15025.0,144
DJO,99359.0,3883
ALK,1800.0,51
KOMET,2332.0,92
SM EUROPE,2873.0,35
ADDMEDICA,47476.0,322
FUJIREBIO,602.0,1
AFFINITES SANTE,7086.0,53
KYD ORTHOPEDIE,23287.0,263
CLARINS,10563.0,3
INTERMUNE,148752.0,1200
LABORATOIRE NORDIC PHARMA,,31
Bayer HealthCare,3139959.0,27482
Theramex SAM,1064113.0,14053
ROTTAPHARM,743583.0,6723
MENARINI,1382106.52992,15000
NEWCLIP TECHNICS,17500.0,27
OPIA TECHNOLOGIES,736.0,5
ST JUDE MEDICAL,3187961.0,10668
ELEKTA,14698.0,36
SOFIBEL,1445.0,17
SPIRIG,8244.0,105
IDEC 56,180.0,6
3M,135203.0,3573
PHYSIOMED,38101.0,89
MEDISPORT,1181.0,25
ALLERGAN,2662897.0,23618
Biomarin,15555.0,104
EDITION DE L'INTERLIGNE,10716.0,181
MERCK SERONO,607248.0,7747
XNOV,7293.0,46
L'OREAL S.A.,4190.0,41
PGRD,23.0,1
CHEMO S.A.,3800.0,3
Beaver-Visitec Int'l Sales,1166.0,25
Mdoloris Medical Systems,7437.0,2
ASTELLAS PHARMA,4344532.0,24322
ADLER ORTHO,,7
DIABSANTE,4000.0,2
Otsuka  Pharmaceutical,1304521.0,15746
PECH CERCIAT,96577.0,4580
Octapharma,248669.0,333
EXPANSCIENCE,409196.0,4429
RANBAXY PHARMACIE GENERIQUES,132514.0,402
PROBACE VAR,19.0,1
ETHICON,944056.08017,6772
HEMA.T MEDICAL,2401.0,14
Merck Medication Familiale,5736.0,111
ALPINE SCIENTIFIC,4069.0,3
SPINEWAY,58.0,5
PRECIPHAR,65768.0,1699
PHADIA,88006.0,1746
LABORATORY IMPLANT MEDICAL DEVICE,3900.0,3
GC,3818.0,143
ALAIN AFFLELOU FRANCHISEUR,18449.0,231
MEDICAL INNOVATION DEVELOPPEMENT,110701.0,438
OrpheliPharm,3661.0,40
Axess Research,,196
Orphan,26755.0,179
IMS Medical Radar,,109
CELGENE,1355656.0,7106
MINVASYS,3206.0,56
GENEVRIER,429632.0,4964
MICROVAL,1986.0,7
MOLNLYCKE HEALTH CARE,126016.0,3423
SBM,3261.0,43
CIS BIO,16245.0,140
Dexter,43826.0,231
GANDHOUR,1128.0,25
WorldOne Group,,310
SOPRO ACTEON Group,2374.0,7
CHIESI,1363289.0,19679
ARGON MEDICAL DEVICES,5228.0,158
DDS Assistance,833.0,51
DERMSCAN,,7
IVTEC (Iol Vision Technology),10323.0,66
AMPLITUDE,174971.0,784
CRISTALENS,115290.0,443
IXAIR ASSISTANCE,3132.0,48
BIOTECH ORTHO,26488.0,78
ORIGIO,37149.0,194
STRYKER,176056.0,889
INTERVASCULAR,3927.0,9
ALISEO,35465.0,266
AUDITION CONSEIL,4964.0,2
MV3,520.0,4
Mauna Kea Technologies,79920.0,194
KARL STORZ ENDOSCOPIE,35650.0,170
GILEAD SCIENCES,1459288.0,7088
QUERYO MEDICAL,81.0,2
IPSEN,2946818.0,49033
PRODUITS DENTAIRES PIERRE ROLLAND,181989.0,556
NordiMED ApS,,1
SYSMEX,88745.3201132,958
VIVACTIS M2RESEARCH,,531
FOURNITURES HOSPITALIERES,398454.0,2435
FCI,153768.0,1385
ALLP MEDITEC,824.0,15
LKN MEDICAL,280.0,10
Edwards,173641.0,1617
PACKAGE,2897.0,66
SANTELYS ASSIOCIATION,59167.0,91
THUASNE,25731.0,1111
WELLSPECT HEALTHCARE,94547.0,737
Abiomed,15437.0,67
TORNIER,1435497.52846,5824
CAREFUSION 309,3024.0,52
PHOCEENNE D'ORTHOPEDIE,965.0,9
DEFI ORTHO,159.0,5
TERUMO S.A,369225.0,1867
UNITHER DEVELOPPEMENT BORDEAUX,,10
AX AIR MEDICAL,57025.0,53
SAM TECHNI-PHARMA,4862.0,49
MEDTRONIC,3526926.0,31544
DES GRANIONS,16492.0,764
Merz,1202.0,57
OptiMed,68806.1999998,355
ImmunoDiagnostic Systems,1060.0,18
BOIRON OCEAN INDIEN,879.0,55
RECKITT BENCKISER,21506.2799587,439
FX SOLUTIONS,362.0,2
EXAFIELD,,168
Orion,4888.0,4
INSTITUT GEORGES LOPEZ,45130.0,54
ZYDUS,26934.0,142
VITALAIRE,1481427.0,7073
Nestlé Clinical Nutrition,1802.0,50
LFB BIOMEDICAMENTS,450475.0,2669
ARROW GENERIQUES,81814.0,1593
Cardim@t,43917.0,247
GROUPE LEPINE,36034.0,124
PRODIS,2601.0,58
INSTRUMENTATION LABORATORY,99114.2000351,335
SATELEC,55570.0,229
MASIMO,2893.0,95
BAUSCH LOMB,134967.0,1062
RUNESCENCE,2621.0,6
Therabel,1098.0,47
Codexial Dermatologie,8019.0,221
RE-IMAGINE Health Agency,28015.0,90
HYPHEN BIOMED,1380.0,2
DUOTECH,9225.0,12
MICRO-MEGA,22651.0,46
Carefusion,5450.58999538,37
BIOCODEX,795680.0,11666
THERADIAG,77.0,4
BAYER,1469112.0,5149
The Medicines Company,29079.0,358
THE BINDING SITE,10663.0,216
GE Medical Systems,278407.0,3268
W L GORE & ASSOCIES,45578.0,334
DEPUY,133011.77005,720
MAQUET,518079.0,3403
MEDEXACT,112940.0,5753
SomnoMed,3796.0,23
CORMOVE,534.0,42
Sobi,1495.0,7
VECTEC,826.0,16
NEOS,4234.0,33
PAREXEL,41745.0,73
ConsuMed Research,136950.0,1119
THERADIAL,356986.0,2999
Stryker Leibinger,19414.0,23
C2F IMPLANTS,3916.0,110
NANOBIOTIX S.A.,2327.0,10
BIOPROJET,,63
FLORALIS,,42
ESAOTE FRANCE,2129.0,10
PROBACE MEDITEC,1539.0,64
INTUITIVE SURGICAL,147302.0,1586
HEMODIA,2217.0,68
MEDIVAL OUTRE-MER,897.0,29
CARL ZEISS MEDITEC,207750.0,505
Vibrant Med-El,35929.0,125
HANDI PHARM OCEAN,117.0,6
OST DEVELOPPEMENT,3174.0,96
OCEAN TERRE BIOTECHNOLOGIE,5395.0,8
TELEFLEX MEDICAL,21983.0,186
galderma international,103584.0,1613
ALERE,1706.0,75
Varian Medical Systems,1318.0,28
MEDAC,11020.0,11
STETHOS,,24
CVRx,578.0,8
EFFIK,312957.0,8162
LABORATOIRE CHAUVIN,139744.0,1507
SIRONA DENTAL SYSTEMS,9863.0,303
YPSOMED,9951.0,385
NESTLE HOMECARE,45752.0,524
BIOM'UP,4985.0,15
WRIGHT MEDICAL,904.0,18
Rodenstock,5729.0,147
SUPERSONIC IMAGINE,11273.0,47
SANTE PLUS,13718.0,11
Biofortis,529.0,4
LINDE,5863.0,100
HERAEUS KULZER,6904.0,252
A.MENARINI Diagnostics,3906.0,45
AUVEX,2273.0,205
AUDITION SANTE,85889.0,1277
alliance healthcare repartition,7249.0,263
SCHWA-MEDICO,676.0,3
PHILIPS,264302.620001,2376
Cook Medical Ireland,1397.0,15
Sirtex Medical,403.0,16
ARCHIMEDES PHARMA,197714.0,3122
ITEC SERVICES,,3
AUDIKA HARDOUIN,152994.777771,93
Iris Pharma,,1
FUJIFILM Medical Systems,99447.0,971
NICOX,460.0,16
PEROUSE MEDICAL,252886.78998,1358
GRUNENTHAL,1039818.0,17056
PALL,17765.0,210
RNP SANTE,573.0,5
InnOpath,2094.0,4
BioAlliance Pharma,1662.0,38
NIPRO,142661.0,1179
ICOMED,1735953.0,69920
NUTRICIA Nutrition Clinique,81793.0,805
CHUGAI PHARMA,965235.0,3371
PFIZER,5340533.0,56434
KEOCYT,114640.0,113
IDS FRANCE,405.0,1
APARD,281128.0,72
Health Advances,3633.0,15
Lohmann & Rauscher,69965.0,1158
DIAGNOSTICA STAGO,49279.0,409
AMS 70,137.0,2
PIERRE FABRE,3587482.0,67322
CEPHALON,3799.0,113
WEINMANN EMERGENCY,4477.0,6
ASTON MEDICAL,105119.0,883
LUNODIA,704.0,33
BSN-RADIANTE,60032.0,2094
ONXEO,60.0,2
NORDIC PHARMA,44291.0,612
Olympus Biotech,1641.0,32
OCD,156797.430025,1371
Second Stage Pharma,,57
NIGY,16098.0,352
SEM,3533.0,72
PHENIX CARDIOLOGIE,58925.0,228
SANOFI,7012612.47004,126035
ALMIRALL,35161.0,281
IMPLANTS SERVICE ORTHOPEDIE,2626.0,69
Nobel Biocare Russia LLC,8288.0,11
PROTHEOS,525237.0,1235
CORREVIO,17485.0,398
NOVASTEP,2876.0,11
Transgene,379.0,16
GAMBRO HOSPAL,202368.0,1868
BOIRON CARAIBES,24448.0,752
ORMCO,117463.0,344
BOEHRINGER INGELHEIM,4838641.0,77724
Cook,123433.0,2482
GUERBET,3565039.0,10740
UNIVERSAL MEDICA,5068.0,127
Johnson et Johnson Santé Beauté,73933.0,1612
ABBOTT,1175471.3982,17858
ORTHO CLINICAL DIAGNOSTICS,39758.0,591
SYMBIOS ORTHOPEDIE SA,,1
Siemens Healthcare Diagnostics,9535.0,147
SHIRE S.A.,363504.0,2652
Bailleul,9926.0,245
Astellas,56532.5500011,369
In2Bones,381.0,15
MEDITOR,118575.0,936
GILBERT,18550.0,27
APTALIS PHARMA,110805.0,1710
THORATEC,41451.0,174
Medtech,1443.0,11
PUBLICIS LIFE BRANDS,2680.0,6
COOPERVISION,173243.0,2946
Centre de stomathérapie,182.0,3
ViiV HEALTHCARE,665873.0,4665
EFFICARE,716.0,32
SERVIER,13315394.0,151869
TERUMO,43104.0,432
ADEP ASSISTANCE,11959.0,82
3S ORTHO,13831.0,86
S2A SANTE,2599.0,41
AMERICAN MEDICAL SYSTEMS,299158.0,1039
NORGINE PHARMA,66881.0,714
Vertex Pharmaceuticals,13108.2479534,225
Essilor,100431.0,2605
Alizé Santé,51151.0,151
Cooper,457.0,20
horus pharma,132286.0,2278
EOLIS SANTE,1649.0,11
LABCATAL,100810.0,1627
BY AGENCY GROUP,1113.0,5
Vifor Pharma,1537.0,68
colgate palmolive,79994.0,3182
CONVATEC,569311.710007,12091
gn hearing,129811.0,1290
COVIDIEN IMAGING,6243.06999683,185
LEICA MICROSYSTEMES,5535.0,10
ORTHO JET,62198.0,312
DIASORIN,51835.0,521
DIXI microtechniques,628.0,5
DGA,59672.0,724
BIOMATLANTE,11040.0,9
EUROS,51401.0,114
SIGVARIS,148472.0,4782
MD ORTHO,45370.0,248
AIR LIQUIDE,32308.0,161
LENTILLES,8099.0,47
ATO Zizine,770950.0,3224
GENERIC IMPLANTS,77.0,4
C@RDISTIM,46613.0,218
COUSIN BIOTECH,9713.0,35
INNOTECH INTERNATIONAL,732.0,10
RB Pharmaceuticals,306970.0,2196
AMS 25,3834.0,19
THERAKOS,2540.0,58
IPSEN INNOVATION,2519.0,23
Norgine,563.0,15
Bastide Le Confort Médical,104007.0,289
ROCHE DIAGNOSTICS,738879.0,8713
INSTITUT STERLING COOPER,,4
PROSTEEL,396.0,10
RAPTOR PHARMACEUTICALS,16999.0,197
MERZ PHARMA,1212293.0,7760
GLocal Mind,540.0,36
BIOTEST AG,1220.0,5
Advanced Accelerator Applications,18587.0,47
BIOMET,610446.0,5948
FRESENIUS KABI,144780.0,2069
GRIFOLS,4078.0,120
Inter-View Partners,,44
BAUERFEIND,3562.0,133
Devicor Medical,10961.0,18
TONIPHARM,5480.0,116
SOS MEDICAL,5288.0,9
Kreussler pharma,15760.0,16
RMO EUROPE,39158.0,573
larm-o-tec,428.0,11
Springer Science Business Media,3221.0,3
GN OTOMETRICS,778.0,32
HEXACATH,649271.679619,1702
JANSSEN CILAG,8956129.0,86225
VEXIM,251395.0,1645
MAPI,,89
INSTITUT MERIEUX,1541071.0,37
GaldermaQMed,89333.0,629
INNOTHERA,108255.0,4202
PASCALEO,,234
BioHorizons Iberica S.R.L.,18.0,1
UCB Pharma,488460.0,5849
AUDIOMEDI,15969.0,488
NPS Pharma,719.0,9
NOVARTIS SANTE FAMILIALE,14550.0,112
CSL BEHRING,334602.0,601
SYMBIOS,86616.240036,290
SPINEGUARD,10708.0,25
PSI CRO,23660.0,69
EXACTECH,47314.0,390
DRAGER MEDICAL,124979.0,550
All Global,,1513
EUMEDICA,159427.0,371
MYLAN,494772.0,12210
EDWARDS LIFESCIENCES,2105010.0,13018
Hartmann,272.090000153,12
LA DIFFUSION TECHNIQUE FRANCAISE,4371.0,27
AIR DOMICILE,2100.0,44
arard,10390.0,15
Bioderma,204990.0,127
Conceptus,21595.0,191
WELEDA,18452.0,273
OTSUKA,105293.0,1344
BIOGEN IDEC,2195035.0,21102
VOLUNTIS,50.0,1
IMACCESS,4479.0,72
Ophtalmic Compagnie,17509.0,443
MATHYS ORTHOPEDIE,145741.0,784
GE HEALTHCARE,433468.339,2299
Fresenius,149350.0,1797
HD MEDICAL,5434.0,75
DINNO SANTE,181030.0,1151
GIFRER BARBEZAT,,3
mark'ennovy,6547.0,115
HEMOTECH,599490.0,1404
DERMATOLOGIQUES URIAGE,75043.0,406
INTEGRAL ORTHO,31433.0,122
Agfa HealthCare,30546.0,242
SOPHYSA,23316.0,101
AXDOM VAR,2621.0,70
ELIA MEDICAL,3738.0,73
Genactis,,85
MEDICAL BEL AIR,17666.0,80
MEDACTA,173031.0,1222
ADIRAL Association d'Aide aux Traitements à Domicile,1121.0,12
CAIR LGL,1322.0,34
ESAOTE Medical,24753.0,52
STALLERGENES,1167143.0,6320
DIS PAR,,3
HEALTHCAREGEN COMMUNICATION,,1039
Vital Images,482.0,8
ASSISTANCES MEDICALES SPECIALISEES,39016.0,562
Biosensors,250121.0,1084
GAMBRO,99152.0999813,605
UNILEVER,571.0,7
ALAIR & AVD,495.0,16
OCP REPARTITION,134422.0,3270
ACTELION,1227449.0,8472
ASDIA,15645.0,188
INNOGENETICS,1914.0,14
SNC LCA,19513.0,25
AIR SANTE,2127.0,30
Laboratoire français du Fractionnement et des Biotechnologies,144202.0,18
MALLINCKRODT,34171.539999,240
ARJOHUNTLEIGH,1900.0,73
Grey Healthcare Paris,7764.0,46
Gilead,2977.0,107
Alcimed,,10
SEPTODONT,704607.0,3955
BARD,1942333.0,9833
ASAHI INTECC,24.0,1
Lilly,2918125.0,36385
OTR3,59.0,2
GENEURO,917.0,2
MENE ET MOY,31349.0,1304
NEGMA,,2
BOIRON,602467.0,16235
GROUPE SEBBIN,12705.0,204
ICTA PM,,83
PETERS SURGICAL,39761.6799812,226
VIROPHARMA,39733.0,459
ACTAVIS,2574.0,40
SANTEN,1766.0,56
PRIMAX,3803.0,97
cardipulse,6475.0,42
Elixo,,71
Prodition,55349.0,1331
Laboratoier Innotech international,297.0,15
KARUKERA AUDITION,10290.0,6
GLAXOSMITHKLINE,9978716.0,161686
PRODAREV,4342.0,56
PROFIL ORTHOPEDIE,12491.0,242
STEPHANIX,833.0,2
EVOLUTIS,40937.0,244
VIVACY,200136.600143,484
ELIAMM,10170.0,69
EISAI,99005.0,1983
GENEURO INNOVATION,660.0,1
IPSEN PHARMA,625682.0,7607
COUSIN BIOSERV,122400.0,947
e(ye)BRAIN,180.0,4
SANDOZ,636220.0,3692
PHONAK,64750.0,1887
COLOPLAST,599582.0,7748
FISHER & PAYKEL HEALTHCARE,9339.0,114
MAVALA,708.0,4
WEINMANN,1085.0,38
RADIANTE,22250.0,1080
LEMAITRE VASCULAR,79420.0,418
PHYSIOL,206588.0,917
GENOMIC HEALTH,321.0,15
Amplifon Groupe,420773.0,1291
CIZETA MEDICALI,4464.0,157
PROTHEOS INDUSTRIE,,3
NIDEK,29614.0,245
CAPRON PODOLOGIE,2550.0,255
CTRS,10554.0,6
ASTRAZENECA,7385564.0,158639
NOVATECH,45492.0,12
Scope,3770.0,5
B3TSI,,157
GXEL MEDICAL,737.0,37
OPHTACOM,3921.0,120
Penumbra,5420.0,60
CELONOVA BIOSCIENCES OF EUROPE,50256.0,93
TRB CHEMEDICA,167694.0,2483
HOSPIDOM,2193.0,33
OXOID,787.0,4
NORAKER,7300.0,22
SINCLAIR PHARMA,41731.0,392
HOYA Surgical Optics,89227.0,280
BIOTECH DENTAL,9364.0,146
PHOENIX PHARMA,2618.0,78
Asept InMed,6275.0,30
COUSIN ENDOSURG,21882.0,111
CARMAT,10698.0,86
OXYPHARM,11598.0,357
ARKOPHARMA,64650.0,1394
DEBREGEAS ET ASSOCIES PHARMA,6150.0,3
ORTHO UNION,8948.0,38
BRAHMS,27568.3640194,284
DIAXONHIT,17244.0,47
GLOBAL D,126526.0,1858
COSMETIQUE ACTIVE,815274.799999,11626
AMC APPAREILLAGE ET MATERIEL DE CARDIOLOGIE,10199.0,126
M3 Global Research,,114
H.A.C.Pharma,19895.0,330
NUXE,13557.0,375
Topcon,10921.0,65
Genzyme,1306349.0,6357
IXXI,1916.0,101
CERAVER,253564.0,595
Immucor,118.0,5
DENTSPLY,200724.0,2160
Tutogen Medical,,1
ABBOTT PRODUCTS,199373.0,4313
SANOTEK,14111.0,39
PREVOR,20295.0,111
THEA,550647.0,3673
EUROFINS OPTIMED,105947.0,34
Smith & Nephew,760956.0,5534
EVALYS,22790.0,95
QIAGEN,12585.0,334
HERAEUS,11428.0,49
GIVEN IMAGING,36240.0,209
EOS IMAGING,30754.6101894,118
Innothera Services,110.0,9
SDI Dental,162.0,4
EG LABO,4263.0,140
TEM-France,1013.0,14
American Orthodontics,8499.0,243
Ophta-France,115388.0,534
PHARMA DOM,646928.0,3401
RIVORTHO,445.0,6
BIO-RAD Laboratories,283.0,9
EREMPHARMA,2185.15000153,34
GALDERMA,314524.0,1979
OBL,28871.5,35
ENDOLOGIX,56773.0,222
LifeCell EMEA,9430.0,155
ACIST,1528.0,23
LINDE HOMECARE,12865.0,250
SEPROPHARM,16100.0,402
ROCHE,4355408.0,22331
IPRAD PHARMA,35819.0,890
Sage Products LLC,1154.0,29
GIBAUD,58892.0,2119
GRIMBERG,388.0,20
ASSISTANCE DU GRAND EST,2114.0,81
GAMIDA,127383.25,629
DDB Health,,9
SOS OXYGENE,379967.0,1165
ADVANCED BIONICS,74218.0,280
BRISTOL-MYERS SQUIBB,2439293.0,45960
Crinex,4861.0,239
Galderma Research & Development,719.0,4
PRED,55891.0,233
TEVA PHARMA,2328334.0,34123
COVIDIEN,527565.0,6441
Diamed,1827.0,43
JALDES,44019.0,2554
Beiersdorf s.a.s,9232.0,208
NODEA MEDICAL,425.0,4
Agence Conseil 3P,222.0,9
AXONAL,,24
Medicare-HTM,216908.0,473
SCIENCE ET MEDEDINE,144822.0,1089
PAUL HARTMANN,69412.0,1017
ALCON,552936.310059,4934
Audika Groupe,3725.0,72
SIEMENS AUDIOLOGIE,52927.0,1471
MICROVENTION,451120.0,2252
TOSHIBA MEDICAL,96421.0,701
B.BRAUN,506461.66996,3254
AGUETTANT,18451.0,411
Zeste Research,,19
AUDIOPTIC TRADE SERVICES,136215.0,241
Applied Medical,5871.0,41
Warner Chilcott,674.0,22
BSN medical,4465.0,133
TOSOH EUROPE,773.0,25
PPD,51.0,145
KRKA EURL,1911.0,582
Zimmer,516910.0,8031
PHARMATERA,95945.0,3478
22 Juillet Conseil,,6
Karl Storz Gmbh and co KG,3606.0,5
SADIR ASSISTANCE,6217.0,47
SCIENT'X,7399.0,32
SPINEVISION,13213.0,136
FERRING,394629.0,2958
PROSTRAKAN PHARMA,130199.0,1872
MORIA S.A.,478.0,13
PHARMA 2000,27284.0,20
BIO-RAD,25937.0,158
MEDICREA,90295.0,332
COOPERATION PHARMACEUTIQUE FRANCAISE,2791.0,81
MED OUEST,56308.0,296
ARAIRCHAR,6140.0,18
Buhlmann,1089.0,1
BECKMAN COULTER,23343.0,397
NOVATEST,204.0,17
ORTHOFIX,11667.0,386
PROXILIO,3125.0,70
AUDIOCONSULTING,19015.0,45
LION / SENECA AUDIO,7022.0,72
DAIICHI SANKYO,4807381.0,47850
EUSAPHARMA,120251.269981,1029
RENAUDIN,214662.0,30
A A,,20159
HOLOGIC,40980.0,234
SIEMENS,40889.0,435
AEPODIA SA,,73
MICROPORT ORTHOPEDICS,997.0,25
ARTHREX,378958.0,1432
COLLIN,16969.0,137
Brainlab,20140.0,35
SUPER DIET,1243.0,58
BD,25549.0,387
RADIOMETER,15819.0,70
ORTHOPLUS,1287.0,50
FRESENIUS MEDICAL CARE,1292306.0,9516
ASPIDE AESTHETIC,6848.0,31
ICON CLINICAL RESEARCH,10864.0,229
Biosphere Medical,3068.0,77
NOVARTIS VACCINES AND DIAGNOSTICS,124266.450045,1274
ABS-BOLTON MEDICAL,73707.0,276
MUNDIPHARMA,3190557.0,34216
SUD OUEST ORTHOPEDIE,14200.0,133
GAMBRO INDUSTRIES,179.0,5
LVL MEDICAL,437310.0,2032
CCD,19524.0999985,471
AtriCure,2348.0,29
ALTER,1723.0,42
ABBVIE,2794401.90257,27498
Stryker Trauma,5484.0,14
MEDICONSEIL,9495.0,55
MANTARAY,22126.0,176
TBWA\ADELPHI,,1
LIVE ! BY GL EVENTS,35329.0,510
CENTRALE DES PEELINGS,38957.0,2252
WIDEX,74949.3199806,610
CONGRES COLLOQUES CONVENTIONS,104390.0,3300
Eole santé,4661.0,6
ALMUS,1965.0,59
B.R.A.,160770.0,959
CLARIANCE,26395.0,64
ECHOSENS,197229.0,23
VITALITEC,56462.3799839,709
ARAIR Assistance,95020.0,156
VERBAL,652.0,26
JULIUS ZORN GMBH,13817.0,161
MAYOLY SPINDLER,309337.0,6276
ARIAD Pharmaceuticals,90879.0,355
EDAP TMS,87185.0,500
HOLLISTER,215275.0,2487
SYMATESE,337.0,5
SVR,11962.0,246
Kantar Health,,64
SIGMA TAU,2388.04000092,129
Bisico,25409.0,21
ADIR ASSISTANCE,2708.0,9
INNATE PHARMA,2858.0,35
Adept Field Solutions,5950.0,39
RECORDATI,2212017.0,40014
LDR Médical,85482.0,418
Laboratoire du Dermophil Indien,,4
THERABEL LUCIEN PHARMA,256454.0,5069
Ivoclar Vivadent,8355.0,210
SAFE ORTHOPAEDICS,2890.0,73
BROTHIER,60740.0,554
TAKEDA,2252585.0,40299
Leurquin Mediolanum,99109.0,4985
DLMEDICAL,1524.0,23
SYSTAGENIX WOUND MANAGEMENT,5941.0,50
SOCIETE LIMA,,26
URGO,186160.299952,5697
MARIE AMELIE LENOIR CONSULTING - VICTA CONSEIL,20.0,1
laboratoire de correction auditive de dijon,446.0,6
PENTAX MEDICAL,103.0,4
FH ORTHOPEDICS,717644.990138,3988
SYNAPSE SANTE,450.0,1
PEROUSE PLASTIE,26065.8000031,77
IP Santé domicile,53814.0,69
BIOTRONIK,770443.0,3570
Kimberly-Clark,12179.0,34
CANAL 55 COMMUNICATION,,24
ETHYPHARM,210.0,2
CORDIS,108576.269981,636
KCI MEDICAL,18150.0,554
STENTYS,9090.0,71
MEDA PHARMA,406436.700024,5307
AMO,168105.0,2381
VIGIE Pharma,,24
laboratoire BAUSCH&LOMB,57105.0,920
STARKEY,133230.0,996
SERF,30878.0,255
GRAFTYS,5785.0,21
SAS ORTHO OUEST,3699.0,46
SERB,10985.0,22
VITALEA MEDICAL,160.0,4
AUDIKA,504432.0,380
BOSTON SCIENTIFIC,1895210.0,8611
DÜRR DENTAL,1107.0,28
medwork,2529.0,28
Swedish Orphan Biovitrum,16020.0,207
CHAUVIN,127164.0,1691
DENSMORE,122337.0,776
MEDCARE,2576.0,4
ARCOS,71989.0,169
OMEGA PHARMA,155742.0,8722
SYNTHES,290516.0,1847
Dentsply Gac,45368.0,338
HANDI PHARM POITOU,345.0,16
ORTHOPAEDIC & SPINE DEVELOPMENT,18004.0,119
PRA,,1
LOL PHARMA,,779
Baxter,83530.0,279
ASPEN,38169.0,1077
Accuray,48011.0,181
ARION,6138.0,111
OLEA MEDICAL S.A,4424.0,27
STENTYS S.A,2524.0,43
Cyberonics,167364.0,1835
BIOMERIEUX,244317.0,1037
SONATINE,839.0,32
TETRA MEDICAL,1053.0,46
HANDI PHARM,58.0,4
VIFOR,227093.0,3787
MEDLINE,1655.0,42
ORPHAN EUROPE,13232.0,149
NOBEL BIOCARE,266221.0,1256
OSTEAL MEDICAL,132170.0,487
ADAIR,3651.0,23
Hansen Medical,28690.0,12
GEDEON RICHTER,119792.0,2142
KISCO,33502.0,134
Insight Research Group,,1
LASER,,160
BIOVENTUS,1107.0,34
ANTHOGYR,78215.0,790
ProClinica,,15
Audition Martin,4812.0,8
IMAGO RESEARCH,,8
CEREPLAS,44451.0,107
ISIS,224407.0,1081
SPECTRUM PHARMACEUTICALS,6742.0,185
TEOXANE,40654.0,307
BIOPROJET PHARMA,24907.0,188
HRA PHARMA,8151.0,157
SMITHS MEDICAL,22008.0,204
INGEN,16477.4800301,96
Carilène,100.0,2
MENICON,31765.0,588
AGFA Healthcare Imaging Agents,277.0,8
Renishaw Mayfield,908.0,4
CROMA,128672.0,698
CENDRES METAUX,39.0,2
Medela,1024.0,14
JUVISE PHARMACEUTICALS,2426.0,68
ALSANZA,90.0,3
R SUD MEDICAL,81088.0,146
IMS HEALTH,776.0,127
OTTO BOCK SNC,297.0,3
EPISKIN,528.0,2
LUNDBECK,5822948.0,58921
Straumann,100742.0,1248
DIAGAST,4610.0,96
Archimedes,6750.0,293
NOVARTIS PHARMA,18291626.0,143605
LEHNING,7602.0,30
PACIMED,44.0,1
OLYMPUS,21863.0,195
LEO,8696.0,249
BIO-RAD SNC,23315.0,78
FIMED,34.0499992371,1
SANOFI PASTEUR,682156.0,8597
Doliage,12484.0,273
inneov SNC,50.0,1
COVANCE,,1
Transystème,5860.0,27
CENTRALE DES OPTICIENS,7500.0,2
HENRY SCHEIN SCA,54025.0,884
ELITech,6263.0,44
THERMO ELECTRON,3713.0,29
HORMETA,876.0,29
AADAIRC,15975.0,135
PERF NUT ASSISTANCE,3951.0,3
MARINA,187.0,4
MSD,8105093.0,180854
GADOL OPTIC 2000,77346.0,548
Schulke,3723.0,50
Arthritis Fondation Courtin,,2
MEDARTIS,13442.0,75
SORIN GROUP,934484.0,5454
CONMED,2679.0,39
Becton Dickinson,128809.0,1812
VYGON,78128.0,680
ALK-Abello,2146637.0,11142
Kavo Dental,14787.0,44
Cochlear,64653.0,482
GIE DIALYSE SERVICES,11524.0,106
Alexion Pharma,231358.0,873
BESINS,58590.0,1684
Small Bone Innovations,86322.0,921
AMGEN,3117347.0,25654
Sequent Medical,14325.0,71
BIOGARAN,1608910.0,11675
MACO,27128.0,58
BEST OF OPTIMIZERS,7800.0,44
MEDIOUTREMER,1579.0,43
ICARE,16675.0,123
FLUOPTICS,2417.0,12
SUNSTAR,9045.0,292
HOYA LENS,368.0,4
CEPHEID,30985.0,138
NOVEX PHARMA,627397.0,2013
PROCTER & GAMBLE,96295.0,700
GEISTLICH PHARMA,43449.0,101
Ultradent Products,20237.0,255
Prostrakan,20542.4300041,585
chris eyes,6133.0,131
LEO PHARMA,1510768.0,17470
HILL-ROM S.A.S.,3411.0,84
SHIRE,589639.0,2710
EUROSILICONE,67650.0,835
Cerus Corporation,5905.0,12
SWING TECHNOLOGIES,7771.0,30
